{
	"format_version": "1.10.0",
	"geometry.bon_stand": {
		"texturewidth": 64,
		"textureheight": 64,
		"visible_bounds_width": 2,
		"visible_bounds_height": 2,
		"visible_bounds_offset": [0, 1, 0],
		"bones": [
			{
				"name": "body",
				"pivot": [0, 24, 0],
				"cubes": [
					{"origin": [-4, 12, -2], "size": [8, 12, 4], "uv": [0, 13]},
					{"origin": [-1, 24, 0], "size": [1, 1, 1], "uv": [23, 2]}
				]
			},
			{
				"name": "head",
				"pivot": [0, 24, 0],
				"cubes": [
					{"origin": [-4, 26, -4], "size": [8, 6, 7], "uv": [0, 0]},
					{"origin": [-3, 26, -5], "size": [6, 2, 1], "uv": [24, 19]},
					{"origin": [-4, 25, -3], "size": [8, 6, 5], "uv": [25, 8]}
				]
			},
			{
				"name": "bone",
				"parent": "head",
				"pivot": [0, 24, 0],
				"rotation": [0, 0, -8],
				"cubes": [
					{"origin": [-2, 32, 0], "size": [1, 2, 1], "uv": [20, 13]},
					{"origin": [-3, 34, 0], "size": [3, 6, 1], "uv": [0, 45]},
					{"origin": [-3, 39, 0], "size": [2, 2, 1], "uv": [0, 0]},
					{"origin": [-2, 40, 0], "size": [1, 1, 1], "uv": [23, 0]}
				]
			},
			{
				"name": "bone3",
				"pivot": [0, 0, 0],
				"rotation": [0, 0, 8],
				"cubes": [
					{"origin": [-2, 32, 0], "size": [1, 2, 1], "uv": [0, 13]},
					{"origin": [-3, 34, 0], "size": [3, 6, 1], "uv": [40, 19]},
					{"origin": [-2.13917, 39.99027, 0], "size": [2, 1, 1], "uv": [0, 3]},
					{"origin": [-2, 40, 0], "size": [1, 1, 1], "uv": [0, 5]}
				]
			},
			{
				"name": "bone4",
				"pivot": [0, 24, 0],
				"rotation": [15, 0, 0]
			},
			{
				"name": "bone2",
				"pivot": [0, 24, 0],
				"rotation": [15, 0, 0]
			},
			{
				"name": "rightArm",
				"pivot": [-5, 22, 0],
				"cubes": [
					{"origin": [-8, 12, -2], "size": [4, 12, 4], "uv": [44, 44]}
				]
			},
			{
				"name": "rightItem",
				"parent": "rightArm",
				"pivot": [-6, 15, 1]
			},
			{
				"name": "Arm",
				"pivot": [5, 22, 0],
				"mirror": true,
				"cubes": [
					{"origin": [4, 12, -2], "size": [4, 12, 4], "uv": [32, 32], "mirror": false}
				]
			},
			{
				"name": "rightLeg",
				"pivot": [-1.9, 12, 0],
				"cubes": [
					{"origin": [-3.9, 0, -2], "size": [4, 12, 4], "uv": [16, 30]},
					{"origin": [-3.9, 0, -4], "size": [4, 1, 6], "uv": [37, 1]}
				]
			},
			{
				"name": "leftLeg",
				"pivot": [1.9, 12, 0],
				"mirror": true,
				"cubes": [
					{"origin": [-0.1, 0, -2], "size": [4, 12, 4], "uv": [0, 29], "mirror": false},
					{"origin": [-0.1, 0, -4], "size": [4, 1, 6], "uv": [23, 0], "mirror": false}
				]
			},
			{
				"name": "jaw",
				"pivot": [0, 0, 0],
				"cubes": [
					{"origin": [-4, 24, -4], "size": [8, 1, 7], "uv": [17, 22]},
					{"origin": [-3, 25, -4], "size": [6, 1, 0], "uv": [28, 30]}
				]
			}
		]
	}
}