{
	"format_version": "1.12.0",
	"minecraft:geometry": [
		{
			"description": {
				"identifier": "geometry.bonnie2_stand",
				"texture_width": 512,
				"texture_height": 512,
				"visible_bounds_width": 19,
				"visible_bounds_height": 20,
				"visible_bounds_offset": [0, 0, 0]
			},
			"bones": [
				{
					"name": "bonnie",
					"pivot": [0, 19, 41],
					"rotation": [-90, 0, 0]
				},
				{
					"name": "head",
					"parent": "bonnie",
					"pivot": [0, 21, 41]
				},
				{
					"name": "head2",
					"parent": "head",
					"pivot": [0, 21, 41],
					"cubes": [
						{"origin": [-12, 32, 22], "size": [12, 7, 6], "uv": [244, 187]},
						{"origin": [-11, 30, 22], "size": [10, 2, 6], "uv": [142, 100]},
						{"origin": [2, 30, 22], "size": [9, 2, 6], "uv": [265, 19]},
						{"origin": [0, 33, 22], "size": [1, 5, 6], "uv": [107, 118]},
						{"origin": [1, 32, 22], "size": [11, 7, 6], "uv": [88, 132]},
						{"origin": [-1, 39, 26], "size": [3, 8, 2], "uv": [181, 86]},
						{"origin": [-2, 38, 22], "size": [5, 2, 3], "uv": [104, 145]},
						{"origin": [-13, 47, 26], "size": [29, 4, 2], "uv": [314, 54]},
						{"origin": [-10, 48, 25], "size": [8, 2, 1], "uv": [122, 26]},
						{"origin": [3, 48, 25], "size": [8, 2, 1], "uv": [122, 20]},
						{"origin": [-14, 27, 59], "size": [29, 26, 2], "uv": [307, 0]},
						{"origin": [11, 39, 26], "size": [3, 8, 2], "uv": [142, 86]},
						{"origin": [-13, 38, 26], "size": [3, 9, 2], "uv": [68, 118]},
						{"origin": [-15, 27, 58], "size": [2, 26, 2], "uv": [284, 363]},
						{"origin": [14, 27, 58], "size": [2, 26, 2], "uv": [276, 363]},
						{"origin": [-16, 28, 28], "size": [2, 26, 2], "uv": [146, 358]},
						{"origin": [-14, 28, 27], "size": [3, 22, 2], "uv": [215, 264]},
						{"origin": [12, 28, 27], "size": [4, 13, 2], "uv": [176, 100]},
						{"origin": [-11, 28, 27], "size": [23, 5, 2], "uv": [0, 109]},
						{"origin": [-16, 27, 57], "size": [2, 26, 2], "uv": [138, 358]},
						{"origin": [14, 28, 27], "size": [3, 23, 3], "uv": [245, 280]},
						{"origin": [15, 28, 28], "size": [2, 13, 2], "uv": [73, 238]},
						{"origin": [15, 27, 57], "size": [2, 26, 2], "uv": [148, 231]},
						{"origin": [17, 28, 29], "size": [1, 26, 29], "uv": [117, 237]},
						{"origin": [15, 50, 29], "size": [2, 6, 29], "uv": [281, 132]},
						{"origin": [-14, 50, 58], "size": [29, 5, 2], "uv": [304, 311]},
						{"origin": [-14, 50, 27], "size": [29, 5, 2], "uv": [304, 304]},
						{"origin": [-14, 51, 45], "size": [29, 6, 13], "uv": [244, 168]},
						{"origin": [-14, 51, 29], "size": [29, 6, 13], "uv": [219, 0]},
						{"origin": [-14, 51, 42], "size": [5, 6, 3], "uv": [82, 215]},
						{"origin": [-4, 53, 42], "size": [9, 4, 3], "uv": [0, 23]},
						{"origin": [-9, 54, 42], "size": [5, 5, 3], "uv": [0, 238]},
						{"origin": [-9, 75, 42], "size": [5, 3, 3], "uv": [88, 145]},
						{"origin": [5, 75, 42], "size": [5, 3, 3], "uv": [68, 132]},
						{"origin": [5, 54, 42], "size": [5, 5, 3], "uv": [82, 224]},
						{"origin": [10, 51, 42], "size": [5, 6, 3], "uv": [0, 127]},
						{"origin": [-16, 50, 29], "size": [2, 6, 29], "uv": [212, 280]},
						{"origin": [-17, 28, 29], "size": [1, 26, 29], "uv": [225, 225]}
					]
				},
				{
					"name": "leftEar",
					"parent": "head2",
					"pivot": [19, -157, 23],
					"cubes": [
						{"origin": [-11, 59, 42], "size": [9, 16, 3], "uv": [282, 35]}
					]
				},
				{
					"name": "leftEarUp",
					"parent": "leftEar",
					"pivot": [5, -133, 98],
					"rotation": [20, 0, 0],
					"cubes": [
						{"origin": [-11, 83, 117], "size": [9, 16, 3], "uv": [225, 230]},
						{"origin": [-10, 99, 117], "size": [7, 2, 3], "uv": [122, 15]}
					]
				},
				{
					"name": "rightEar",
					"parent": "head2",
					"pivot": [19, -157, 23],
					"cubes": [
						{"origin": [3, 59, 42], "size": [9, 16, 3], "uv": [177, 264]}
					]
				},
				{
					"name": "rightEarUp",
					"parent": "rightEar",
					"pivot": [19, -125, 116],
					"rotation": [25, 0, 0]
				},
				{
					"name": "endo",
					"parent": "head",
					"pivot": [0, 21, 41],
					"cubes": [
						{"origin": [-5, 25, 34], "size": [13, 1, 13], "uv": [142, 86]},
						{"origin": [5, 26, 34], "size": [2, 1, 1], "uv": [70, 59]},
						{"origin": [2, 26, 34], "size": [2, 1, 1], "uv": [24, 27]},
						{"origin": [-1, 26, 34], "size": [2, 1, 1], "uv": [24, 25]},
						{"origin": [-4, 26, 34], "size": [2, 1, 1], "uv": [21, 23]},
						{"origin": [2, 32, 29], "size": [2, 1, 1], "uv": [110, 73]},
						{"origin": [-1, 32, 29], "size": [2, 1, 1], "uv": [48, 109]},
						{"origin": [-4, 32, 29], "size": [2, 1, 1], "uv": [104, 73]},
						{"origin": [5, 32, 29], "size": [2, 1, 1], "uv": [98, 73]},
						{"origin": [-5, 29, 34], "size": [13, 1, 13], "uv": [68, 118]}
					]
				},
				{
					"name": "endo2",
					"parent": "endo",
					"pivot": [0, 21, 43],
					"cubes": [
						{"origin": [-5, 19, 47], "size": [13, 21, 2], "uv": [0, 0]},
						{"origin": [-11, 36, 42], "size": [23, 18, 2], "uv": [70, 39]},
						{"origin": [-10, 38, 29], "size": [9, 8, 4], "uv": [228, 362]},
						{"origin": [2, 38, 29], "size": [9, 8, 4], "uv": [244, 130]},
						{"origin": [-11, 45, 27], "size": [11, 4, 12], "uv": [129, 215]},
						{"origin": [0, 45, 27], "size": [11, 4, 12], "uv": [208, 214]}
					]
				},
				{
					"name": "body",
					"parent": "bonnie",
					"pivot": [0, 19, 41]
				},
				{
					"name": "body2",
					"parent": "body",
					"pivot": [0, 19, 41],
					"cubes": [
						{"origin": [-18, 16, 33], "size": [37, 3, 23], "uv": [122, 0]},
						{"origin": [-18, 13, 53], "size": [37, 3, 6], "uv": [142, 77]},
						{"origin": [-19, -36, 54], "size": [39, 49, 5], "uv": [88, 161]},
						{"origin": [-23, 10, 33], "size": [9, 7, 23], "uv": [116, 293]},
						{"origin": [-31, -2, 36], "size": [12, 7, 16], "pivot": [3, 19, 41], "rotation": [0, 0, 25], "uv": [325, 88]},
						{"origin": [21, 2, 36], "size": [12, 7, 16], "pivot": [-1, 19, 41], "rotation": [0, 0, -20], "uv": [322, 205]},
						{"origin": [-28, 2, 39], "size": [8, 7, 11], "pivot": [2, 20, 41], "rotation": [0, 0, 25], "uv": [357, 343]},
						{"origin": [22, 8, 39], "size": [8, 7, 11], "pivot": [-1, 19, 41], "rotation": [0, 0, -15], "uv": [76, 357]},
						{"origin": [-19, -34, 29], "size": [38, 47, 3], "uv": [0, 188]},
						{"origin": [-16, -36, 30], "size": [32, 38, 3], "uv": [237, 77]},
						{"origin": [-3, -37, 43], "size": [6, 8, 3], "uv": [0, 116]},
						{"origin": [9, -43, 30], "size": [14, 7, 4], "uv": [355, 185]},
						{"origin": [9, -43, 54], "size": [10, 6, 4], "uv": [315, 167]},
						{"origin": [22, -42, 29], "size": [2, 6, 29], "uv": [274, 0]},
						{"origin": [-24, -43, 30], "size": [2, 7, 28], "uv": [282, 35]},
						{"origin": [-18, -43, 54], "size": [8, 6, 4], "uv": [292, 330]},
						{"origin": [-23, -46, 29], "size": [46, 9, 30], "uv": [0, 0]},
						{"origin": [-3, -46, 58], "size": [8, 7, 6], "uv": [168, 137]},
						{"origin": [-10, -53, 32], "size": [21, 7, 24], "uv": [178, 137]},
						{"origin": [-22, -44, 30], "size": [12, 8, 4], "uv": [92, 59]},
						{"origin": [-19, 10, 31], "size": [38, 7, 3], "uv": [152, 26]},
						{"origin": [-22, -6, 31], "size": [6, 17, 26], "uv": [177, 264]},
						{"origin": [15, -6, 31], "size": [7, 17, 26], "uv": [244, 118]},
						{"origin": [16, -36, 31], "size": [4, 18, 26], "uv": [79, 272]},
						{"origin": [-20, -35, 31], "size": [6, 17, 26], "uv": [259, 259]},
						{"origin": [-22, -19, 30], "size": [6, 14, 27], "uv": [39, 257]},
						{"origin": [16, -20, 30], "size": [6, 15, 27], "uv": [256, 187]},
						{"origin": [14, 10, 33], "size": [9, 7, 23], "uv": [284, 95]}
					]
				},
				{
					"name": "leftarm",
					"parent": "bonnie",
					"pivot": [-24, 14, 45],
					"rotation": [0, 0, 50],
					"cubes": [
						{"origin": [37.83631, -26.49732, 27.70287], "size": [16, 33, 17], "pivot": [4, -164, 36], "rotation": [0, -10, -25], "uv": [159, 214]}
					]
				},
				{
					"name": "leftArm2",
					"parent": "leftarm",
					"pivot": [95.56314, -143.67784, 36.41695],
					"rotation": [180, -170, 150],
					"cubes": [
						{"origin": [53.71562, -34.36542, 40.61023], "size": [6, 10, 5], "uv": [362, 138]},
						{"origin": [53.71562, -34.36542, 46.61023], "size": [6, 10, 5], "uv": [362, 123]},
						{"origin": [53.41279, -15.10762, 41.4234], "size": [15, 34, 17], "uv": [218, 26]},
						{"origin": [18.65153, 15.06335, 40.61023], "size": [6, 9, 5], "pivot": [109.71334, 36.17506, 38.90123], "rotation": [0, 0, -45], "uv": [364, 364]},
						{"origin": [20.1294, 7.43816, 46.61023], "size": [6, 9, 5], "pivot": [109.71334, 36.17506, 38.90123], "rotation": [0, 0, -40], "uv": [254, 363]},
						{"origin": [53.71562, -34.36542, 52.61023], "size": [6, 10, 5], "uv": [235, 315]},
						{"origin": [53.71334, -23.82494, 41.90123], "size": [15, 12, 16], "uv": [258, 302]},
						{"origin": [56.75047, -19.49649, 69.63651], "size": [6, 10, 5], "pivot": [109.71334, 36.17506, 38.90123], "rotation": [-35, 0, 0], "uv": [314, 35]},
						{"origin": [17.84387, 22.78834, 52.61023], "size": [6, 9, 5], "pivot": [109.71334, 36.17506, 38.90123], "rotation": [0, 0, -50], "uv": [362, 200]},
						{"origin": [53.71334, -24.82494, 40.90123], "size": [15, 1, 17], "uv": [307, 70]},
						{"origin": [58.23792, -17.74301, 83.56593], "size": [6, 8, 5], "pivot": [109.71334, 36.17506, 38.90123], "rotation": [-35, -20, 0], "uv": [365, 88]}
					]
				},
				{
					"name": "rightArm",
					"parent": "bonnie",
					"pivot": [27, 16, 45],
					"rotation": [5, -25, -30],
					"cubes": [
						{"origin": [-9.47666, -15.05445, 35], "size": [16, 29, 17], "pivot": [-2, -164, 36], "rotation": [0, 0, 10], "uv": [0, 238]}
					]
				},
				{
					"name": "rightArm2",
					"parent": "rightArm",
					"pivot": [-15.1557, -159.21172, 36],
					"rotation": [0, 0, 5],
					"cubes": [
						{"origin": [-21.15189, -44.38265, 35], "size": [15, 34, 17], "pivot": [-15.1557, -159.21172, 36], "rotation": [0, 0, 10], "uv": [82, 215]},
						{"origin": [-21.10112, -56.78429, 35], "size": [15, 13, 17], "pivot": [-15.1557, -159.21172, 36], "rotation": [0, 0, 10], "uv": [285, 229]},
						{"origin": [-12.35994, -69.75021, 42], "size": [6, 13, 6], "pivot": [-15.1557, -159.21172, 36], "rotation": [0, 0, 10], "uv": [114, 358]},
						{"origin": [-12.35994, -69.75021, 47], "size": [6, 13, 6], "pivot": [-15.1557, -159.21172, 36], "rotation": [0, 0, 10], "uv": [151, 323]},
						{"origin": [-51.6826, -83.66531, 47], "size": [6, 9, 6], "pivot": [-15.1557, -159.21172, 36], "rotation": [0, 0, 35], "uv": [157, 301]},
						{"origin": [-51.6826, -83.66531, 42], "size": [6, 9, 6], "pivot": [-15.1557, -159.21172, 36], "rotation": [0, 0, 35], "uv": [78, 266]},
						{"origin": [-58.27609, -86.64211, 35], "size": [6, 10, 6], "pivot": [-15.1557, -159.21172, 36], "rotation": [0, 0, 40], "uv": [49, 238]},
						{"origin": [31.30687, -48.24211, 71.19946], "size": [6, 12, 5], "pivot": [-1.0055, 20.64118, 38.48428], "rotation": [-35, 0, 20], "uv": [0, 39]},
						{"origin": [31.69297, -60.81029, 58.46514], "size": [6, 10, 5], "pivot": [-1.0055, 20.64118, 38.48428], "rotation": [-25, 0, 20], "uv": [122, 0]},
						{"origin": [-12.35994, -69.75021, 35], "size": [6, 13, 6], "pivot": [-15.1557, -159.21172, 36], "rotation": [0, 0, 10], "uv": [284, 125]}
					]
				},
				{
					"name": "rightLeg",
					"parent": "bonnie",
					"pivot": [15, -39, 43],
					"rotation": [-5, 0, -10],
					"cubes": [
						{"origin": [3, -96, 32], "size": [24, 50, 20], "uv": [0, 118]},
						{"origin": [2, -63, 33], "size": [3, 16, 19], "uv": [126, 323]},
						{"origin": [6, -103, 29], "size": [18, 8, 4], "uv": [348, 111]},
						{"origin": [3, -102, 32], "size": [24, 6, 11], "uv": [297, 259]}
					]
				},
				{
					"name": "rightLeg2",
					"parent": "rightLeg",
					"pivot": [16, -105.96956, 43.69725],
					"rotation": [15, 0, 0],
					"cubes": [
						{"origin": [3, -127.96956, 35.69725], "size": [5, 31, 15], "uv": [40, 301]},
						{"origin": [22, -128.96956, 35.69725], "size": [3, 32, 15], "uv": [180, 307]},
						{"origin": [5, -127.96956, 50.69725], "size": [21, 31, 3], "uv": [320, 320]},
						{"origin": [5, -128.96956, 32.69725], "size": [18, 30, 3], "uv": [250, 330]},
						{"origin": [6, -148.96956, 33.69725], "size": [17, 22, 3], "uv": [349, 228]},
						{"origin": [6, -151.96956, 49.69725], "size": [19, 24, 3], "uv": [0, 347]},
						{"origin": [4, -150.96956, 35.69725], "size": [2, 23, 14], "uv": [292, 340]},
						{"origin": [23, -148.96956, 35.69725], "size": [2, 21, 14], "uv": [44, 347]}
					]
				},
				{
					"name": "rightFoot",
					"parent": "rightLeg2",
					"pivot": [18, -144.0759, 44.91278],
					"rotation": [-10, 0, 0],
					"cubes": [
						{"origin": [4, -162.0759, 28.91278], "size": [21, 12, 27], "uv": [168, 91]},
						{"origin": [3, -164.0759, 8.91278], "size": [7, 4, 13], "uv": [354, 60]},
						{"origin": [11, -164.0759, 8.91278], "size": [7, 4, 13], "uv": [324, 354]},
						{"origin": [19, -164.0759, 8.91278], "size": [7, 4, 13], "uv": [188, 354]},
						{"origin": [3, -164.0759, 21.91278], "size": [23, 9, 34], "uv": [88, 118]}
					]
				},
				{
					"name": "leftLeg",
					"parent": "bonnie",
					"pivot": [-19, -39, 43],
					"rotation": [-5, 0, 10],
					"cubes": [
						{"origin": [-26, -95, 31], "size": [24, 48, 22], "uv": [0, 39]},
						{"origin": [-23, -103, 29], "size": [17, 8, 3], "uv": [0, 334]},
						{"origin": [-26, -102, 31], "size": [24, 6, 12], "uv": [295, 187]}
					]
				},
				{
					"name": "leftLeg2",
					"parent": "leftLeg",
					"pivot": [-18, -106.96575, 43.7844],
					"rotation": [15, 0, 0],
					"cubes": [
						{"origin": [-25, -128.96575, 35.7844], "size": [2, 32, 15], "uv": [216, 315]},
						{"origin": [-7, -129.96575, 35.7844], "size": [5, 35, 15], "uv": [0, 284]},
						{"origin": [-25, -128.96575, 50.7844], "size": [21, 32, 3], "uv": [314, 125]},
						{"origin": [-24, -129.96575, 32.7844], "size": [20, 31, 3], "uv": [80, 323]},
						{"origin": [-24, -149.96575, 33.7844], "size": [20, 22, 3], "uv": [343, 160]},
						{"origin": [-25, -150.96575, 49.7844], "size": [20, 22, 3], "uv": [335, 276]},
						{"origin": [-25, -149.96575, 35.7844], "size": [2, 21, 14], "uv": [156, 344]},
						{"origin": [-5, -149.96575, 35.7844], "size": [2, 21, 14], "uv": [186, 36]}
					]
				},
				{
					"name": "leftFoot",
					"parent": "leftLeg2",
					"pivot": [-16, -144.08729, 45.17359],
					"rotation": [-10, 0, 0],
					"cubes": [
						{"origin": [-25, -162.08729, 30.17359], "size": [21, 12, 26], "uv": [176, 176]},
						{"origin": [-27, -164.08729, 9.17359], "size": [6, 4, 13], "uv": [356, 253]},
						{"origin": [-20, -164.08729, 9.17359], "size": [9, 4, 13], "uv": [256, 229]},
						{"origin": [-10, -164.08729, 9.17359], "size": [8, 4, 13], "uv": [344, 28]},
						{"origin": [-27, -164.08729, 22.17359], "size": [25, 9, 34], "uv": [58, 75]}
					]
				}
			]
		}
	]
}