{
	"format_version": "1.12.0",
	"minecraft:geometry": [
		{
			"description": {
				"identifier": "geometry.bonnie",
				"texture_width": 512,
				"texture_height": 512,
				"visible_bounds_width": 17,
				"visible_bounds_height": 17,
				"visible_bounds_offset": [0, 0, 0]
			},
			"bones": [
				{
					"name": "bonnie",
					"pivot": [0, 183, 5]
				},
				{
					"name": "head",
					"parent": "bonnie",
					"pivot": [0, 185, 5]
				},
				{
					"name": "head2",
					"parent": "head",
					"pivot": [0, 185, 5],
					"cubes": [
						{"origin": [-15, 185, -9], "size": [31, 2, 32], "uv": [92, 39]},
						{"origin": [-15, 187, 19], "size": [31, 3, 4], "uv": [168, 130]},
						{"origin": [-15, 187, -5], "size": [3, 2, 24], "uv": [314, 28]},
						{"origin": [-14, 187, -10], "size": [29, 2, 5], "uv": [176, 168]},
						{"origin": [13, 187, -6], "size": [3, 2, 25], "uv": [304, 277]},
						{"origin": [-12, 196, -14], "size": [12, 7, 6], "uv": [244, 187]},
						{"origin": [-11, 194, -14], "size": [10, 2, 6], "uv": [142, 100]},
						{"origin": [2, 194, -14], "size": [9, 2, 6], "uv": [265, 19]},
						{"origin": [0, 197, -14], "size": [1, 5, 6], "uv": [107, 118]},
						{"origin": [1, 196, -14], "size": [11, 7, 6], "uv": [88, 132]},
						{"origin": [-1, 203, -10], "size": [3, 8, 2], "uv": [181, 86]},
						{"origin": [-2, 202, -14], "size": [5, 2, 3], "uv": [104, 145]},
						{"origin": [-13, 211, -10], "size": [29, 4, 2], "uv": [314, 54]},
						{"origin": [-10, 212, -11], "size": [8, 2, 1], "uv": [122, 26]},
						{"origin": [3, 212, -11], "size": [8, 2, 1], "uv": [122, 20]},
						{"origin": [-14, 191, 23], "size": [29, 26, 2], "uv": [307, 0]},
						{"origin": [11, 203, -10], "size": [3, 8, 2], "uv": [142, 86]},
						{"origin": [-13, 202, -10], "size": [3, 9, 2], "uv": [68, 118]},
						{"origin": [-15, 191, 22], "size": [2, 26, 2], "uv": [284, 363]},
						{"origin": [14, 191, 22], "size": [2, 26, 2], "uv": [276, 363]},
						{"origin": [-16, 192, -8], "size": [2, 26, 2], "uv": [146, 358]},
						{"origin": [-14, 192, -9], "size": [3, 22, 2], "uv": [215, 264]},
						{"origin": [12, 192, -9], "size": [4, 13, 2], "uv": [176, 100]},
						{"origin": [-11, 192, -9], "size": [23, 5, 2], "uv": [0, 109]},
						{"origin": [-16, 191, 21], "size": [2, 26, 2], "uv": [138, 358]},
						{"origin": [14, 192, -9], "size": [3, 23, 3], "uv": [245, 280]},
						{"origin": [15, 192, -8], "size": [2, 13, 2], "uv": [73, 238]},
						{"origin": [15, 191, 21], "size": [2, 26, 2], "uv": [148, 231]},
						{"origin": [17, 192, -7], "size": [1, 26, 29], "uv": [117, 237]},
						{"origin": [15, 214, -7], "size": [2, 6, 29], "uv": [281, 132]},
						{"origin": [-14, 214, 22], "size": [29, 5, 2], "uv": [304, 311]},
						{"origin": [-14, 214, -9], "size": [29, 5, 2], "uv": [304, 304]},
						{"origin": [-14, 215, 9], "size": [29, 6, 13], "uv": [244, 168]},
						{"origin": [-14, 215, -7], "size": [29, 6, 13], "uv": [219, 0]},
						{"origin": [-14, 215, 6], "size": [5, 6, 3], "uv": [82, 215]},
						{"origin": [-4, 217, 6], "size": [9, 4, 3], "uv": [0, 23]},
						{"origin": [-9, 218, 6], "size": [5, 5, 3], "uv": [0, 238]},
						{"origin": [-9, 239, 6], "size": [5, 3, 3], "uv": [88, 145]},
						{"origin": [5, 239, 6], "size": [5, 3, 3], "uv": [68, 132]},
						{"origin": [5, 218, 6], "size": [5, 5, 3], "uv": [82, 224]},
						{"origin": [10, 215, 6], "size": [5, 6, 3], "uv": [0, 127]},
						{"origin": [-16, 214, -7], "size": [2, 6, 29], "uv": [212, 280]},
						{"origin": [-17, 192, -7], "size": [1, 26, 29], "uv": [225, 225]}
					]
				},
				{
					"name": "leftEar",
					"parent": "head2",
					"pivot": [19, 7, -13],
					"cubes": [
						{"origin": [-11, 223, 6], "size": [9, 16, 3], "uv": [282, 35]}
					]
				},
				{
					"name": "leftEarUp",
					"parent": "leftEar",
					"pivot": [5, 31, 62],
					"rotation": [20, 0, 0],
					"cubes": [
						{"origin": [-11, 247, 81], "size": [9, 16, 3], "uv": [225, 230]},
						{"origin": [-10, 263, 81], "size": [7, 2, 3], "uv": [122, 15]}
					]
				},
				{
					"name": "rightEar",
					"parent": "head2",
					"pivot": [19, 7, -13],
					"cubes": [
						{"origin": [3, 223, 6], "size": [9, 16, 3], "uv": [177, 264]}
					]
				},
				{
					"name": "rightEarUp",
					"parent": "rightEar",
					"pivot": [19, 39, 80],
					"rotation": [25, 0, 0],
					"cubes": [
						{"origin": [4, 268, 99], "size": [7, 2, 3], "uv": [0, 56]},
						{"origin": [3, 252, 99], "size": [9, 16, 3], "uv": [176, 176]}
					]
				},
				{
					"name": "endo",
					"parent": "head",
					"pivot": [0, 185, 5],
					"cubes": [
						{"origin": [-5, 189, -2], "size": [13, 1, 13], "uv": [142, 86]},
						{"origin": [-9, 189, -9], "size": [2, 1, 1], "uv": [49, 115]},
						{"origin": [3, 189, -9], "size": [2, 1, 1], "uv": [50, 113]},
						{"origin": [7, 189, -9], "size": [2, 1, 1], "uv": [88, 59]},
						{"origin": [11, 189, -9], "size": [2, 1, 1], "uv": [82, 59]},
						{"origin": [5, 190, -2], "size": [2, 1, 1], "uv": [70, 59]},
						{"origin": [2, 190, -2], "size": [2, 1, 1], "uv": [24, 27]},
						{"origin": [-1, 190, -2], "size": [2, 1, 1], "uv": [24, 25]},
						{"origin": [-4, 190, -2], "size": [2, 1, 1], "uv": [21, 23]},
						{"origin": [-12, 189, -9], "size": [2, 1, 1], "uv": [76, 59]},
						{"origin": [-1, 189, -9], "size": [2, 1, 1], "uv": [50, 111]},
						{"origin": [2, 196, -7], "size": [2, 1, 1], "uv": [110, 73]},
						{"origin": [-1, 196, -7], "size": [2, 1, 1], "uv": [48, 109]},
						{"origin": [-4, 196, -7], "size": [2, 1, 1], "uv": [104, 73]},
						{"origin": [5, 196, -7], "size": [2, 1, 1], "uv": [98, 73]},
						{"origin": [-5, 189, -9], "size": [2, 1, 1], "uv": [92, 73]},
						{"origin": [-5, 193, -2], "size": [13, 1, 13], "uv": [68, 118]}
					]
				},
				{
					"name": "endo2",
					"parent": "endo",
					"pivot": [0, 185, 7],
					"cubes": [
						{"origin": [-5, 183, 11], "size": [13, 21, 2], "uv": [0, 0]},
						{"origin": [-11, 200, 6], "size": [23, 18, 2], "uv": [70, 39]},
						{"origin": [-10, 202, -7], "size": [9, 8, 4], "uv": [228, 362]},
						{"origin": [2, 202, -7], "size": [9, 8, 4], "uv": [244, 130]},
						{"origin": [-11, 209, -9], "size": [11, 4, 12], "uv": [129, 215]},
						{"origin": [0, 209, -9], "size": [11, 4, 12], "uv": [208, 214]}
					]
				},
				{
					"name": "body",
					"parent": "bonnie",
					"pivot": [0, 183, 5]
				},
				{
					"name": "body2",
					"parent": "body",
					"pivot": [0, 183, 5],
					"cubes": [
						{"origin": [-18, 180, -3], "size": [37, 3, 23], "uv": [122, 0]},
						{"origin": [-18, 177, 17], "size": [37, 3, 6], "uv": [142, 77]},
						{"origin": [-19, 128, 18], "size": [39, 49, 5], "uv": [88, 161]},
						{"origin": [-23, 174, -3], "size": [9, 7, 23], "uv": [116, 293]},
						{"origin": [-31, 162, 0], "size": [12, 7, 16], "pivot": [3, 183, 5], "rotation": [0, 0, 25], "uv": [325, 88]},
						{"origin": [21, 166, 0], "size": [12, 7, 16], "pivot": [-1, 183, 5], "rotation": [0, 0, -20], "uv": [322, 205]},
						{"origin": [-28, 166, 3], "size": [8, 7, 11], "pivot": [2, 184, 5], "rotation": [0, 0, 25], "uv": [357, 343]},
						{"origin": [22, 172, 3], "size": [8, 7, 11], "pivot": [-1, 183, 5], "rotation": [0, 0, -15], "uv": [76, 357]},
						{"origin": [-19, 130, -7], "size": [38, 47, 3], "uv": [0, 188]},
						{"origin": [-16, 128, -6], "size": [32, 38, 3], "uv": [237, 77]},
						{"origin": [-3, 127, 7], "size": [6, 8, 3], "uv": [0, 116]},
						{"origin": [9, 121, -6], "size": [14, 7, 4], "uv": [355, 185]},
						{"origin": [9, 121, 18], "size": [10, 6, 4], "uv": [315, 167]},
						{"origin": [22, 122, -7], "size": [2, 6, 29], "uv": [274, 0]},
						{"origin": [-24, 121, -6], "size": [2, 7, 28], "uv": [282, 35]},
						{"origin": [-18, 121, 18], "size": [8, 6, 4], "uv": [292, 330]},
						{"origin": [-23, 118, -7], "size": [46, 9, 30], "uv": [0, 0]},
						{"origin": [-3, 118, 22], "size": [8, 7, 6], "uv": [168, 137]},
						{"origin": [-10, 111, -4], "size": [21, 7, 24], "uv": [178, 137]},
						{"origin": [-22, 120, -6], "size": [12, 8, 4], "uv": [92, 59]},
						{"origin": [-19, 174, -5], "size": [38, 7, 3], "uv": [152, 26]},
						{"origin": [-22, 158, -5], "size": [6, 17, 26], "uv": [177, 264]},
						{"origin": [15, 158, -5], "size": [7, 17, 26], "uv": [244, 118]},
						{"origin": [16, 128, -5], "size": [4, 18, 26], "uv": [79, 272]},
						{"origin": [-20, 129, -5], "size": [6, 17, 26], "uv": [259, 259]},
						{"origin": [-22, 145, -6], "size": [6, 14, 27], "uv": [39, 257]},
						{"origin": [16, 144, -6], "size": [6, 15, 27], "uv": [256, 187]},
						{"origin": [14, 174, -3], "size": [9, 7, 23], "uv": [284, 95]}
					]
				},
				{
					"name": "leftarm",
					"parent": "bonnie",
					"pivot": [-24, 178, 9],
					"rotation": [0, 0, 35],
					"cubes": [
						{"origin": [37.83631, 137.50268, -8.29713], "size": [16, 33, 17], "pivot": [4, 0, 0], "rotation": [0, -10, -25], "uv": [159, 214]}
					]
				},
				{
					"name": "leftArm2",
					"parent": "leftarm",
					"pivot": [95.56314, 20.32216, 0.41695],
					"rotation": [180, -170, 150],
					"cubes": [
						{"origin": [53.71562, 129.63458, 4.61023], "size": [6, 10, 5], "uv": [362, 138]},
						{"origin": [53.71562, 129.63458, 10.61023], "size": [6, 10, 5], "uv": [362, 123]},
						{"origin": [53.41279, 148.89238, 5.4234], "size": [15, 34, 17], "uv": [218, 26]},
						{"origin": [18.65153, 179.06335, 4.61023], "size": [6, 9, 5], "pivot": [109.71334, 200.17506, 2.90123], "rotation": [0, 0, -45], "uv": [364, 364]},
						{"origin": [20.1294, 171.43816, 10.61023], "size": [6, 9, 5], "pivot": [109.71334, 200.17506, 2.90123], "rotation": [0, 0, -40], "uv": [254, 363]},
						{"origin": [53.71562, 129.63458, 16.61023], "size": [6, 10, 5], "uv": [235, 315]},
						{"origin": [53.71334, 140.17506, 5.90123], "size": [15, 12, 16], "uv": [258, 302]},
						{"origin": [56.75047, 144.50351, 33.63651], "size": [6, 10, 5], "pivot": [109.71334, 200.17506, 2.90123], "rotation": [-35, 0, 0], "uv": [314, 35]},
						{"origin": [17.84387, 186.78834, 16.61023], "size": [6, 9, 5], "pivot": [109.71334, 200.17506, 2.90123], "rotation": [0, 0, -50], "uv": [362, 200]},
						{"origin": [53.71334, 139.17506, 4.90123], "size": [15, 1, 17], "uv": [307, 70]},
						{"origin": [58.23792, 146.25699, 47.56593], "size": [6, 8, 5], "pivot": [109.71334, 200.17506, 2.90123], "rotation": [-35, -20, 0], "uv": [365, 88]}
					]
				},
				{
					"name": "rightArm",
					"parent": "bonnie",
					"pivot": [27, 180, 9],
					"rotation": [0, 0, -20],
					"cubes": [
						{"origin": [-9.47666, 148.94555, -1], "size": [16, 29, 17], "pivot": [-2, 0, 0], "rotation": [0, 0, 10], "uv": [0, 238]}
					]
				},
				{
					"name": "rightArm2",
					"parent": "rightArm",
					"pivot": [-15.1557, 4.78828, 0],
					"rotation": [0, 0, 5],
					"cubes": [
						{"origin": [-21.15189, 119.61735, -1], "size": [15, 34, 17], "pivot": [-15.1557, 4.78828, 0], "rotation": [0, 0, 10], "uv": [82, 215]},
						{"origin": [-21.10112, 107.21571, -1], "size": [15, 13, 17], "pivot": [-15.1557, 4.78828, 0], "rotation": [0, 0, 10], "uv": [285, 229]},
						{"origin": [-12.35994, 94.24979, 6], "size": [6, 13, 6], "pivot": [-15.1557, 4.78828, 0], "rotation": [0, 0, 10], "uv": [114, 358]},
						{"origin": [-12.35994, 94.24979, 11], "size": [6, 13, 6], "pivot": [-15.1557, 4.78828, 0], "rotation": [0, 0, 10], "uv": [151, 323]},
						{"origin": [-51.6826, 80.33469, 11], "size": [6, 9, 6], "pivot": [-15.1557, 4.78828, 0], "rotation": [0, 0, 35], "uv": [157, 301]},
						{"origin": [-51.6826, 80.33469, 6], "size": [6, 9, 6], "pivot": [-15.1557, 4.78828, 0], "rotation": [0, 0, 35], "uv": [78, 266]},
						{"origin": [-58.27609, 77.35789, -1], "size": [6, 10, 6], "pivot": [-15.1557, 4.78828, 0], "rotation": [0, 0, 40], "uv": [49, 238]},
						{"origin": [31.30687, 115.75789, 35.19946], "size": [6, 12, 5], "pivot": [-1.0055, 184.64118, 2.48428], "rotation": [-35, 0, 20], "uv": [0, 39]},
						{"origin": [31.69297, 103.18971, 22.46514], "size": [6, 10, 5], "pivot": [-1.0055, 184.64118, 2.48428], "rotation": [-25, 0, 20], "uv": [122, 0]},
						{"origin": [-12.35994, 94.24979, -1], "size": [6, 13, 6], "pivot": [-15.1557, 4.78828, 0], "rotation": [0, 0, 10], "uv": [284, 125]}
					]
				},
				{
					"name": "rightLeg",
					"parent": "bonnie",
					"pivot": [15, 125, 7],
					"rotation": [-5, 0, 0],
					"cubes": [
						{"origin": [3, 68, -4], "size": [24, 50, 20], "uv": [0, 118]},
						{"origin": [2, 101, -3], "size": [3, 16, 19], "uv": [126, 323]},
						{"origin": [6, 61, -7], "size": [18, 8, 4], "uv": [348, 111]},
						{"origin": [3, 62, -4], "size": [24, 6, 11], "uv": [297, 259]}
					]
				},
				{
					"name": "rightLeg2",
					"parent": "rightLeg",
					"pivot": [16, 58.03044, 7.69725],
					"rotation": [15, 0, 0],
					"cubes": [
						{"origin": [3, 36.03044, -0.30275], "size": [5, 31, 15], "uv": [40, 301]},
						{"origin": [22, 35.03044, -0.30275], "size": [3, 32, 15], "uv": [180, 307]},
						{"origin": [5, 36.03044, 14.69725], "size": [21, 31, 3], "uv": [320, 320]},
						{"origin": [5, 35.03044, -3.30275], "size": [18, 30, 3], "uv": [250, 330]},
						{"origin": [6, 15.03044, -2.30275], "size": [17, 22, 3], "uv": [349, 228]},
						{"origin": [6, 12.03044, 13.69725], "size": [19, 24, 3], "uv": [0, 347]},
						{"origin": [4, 13.03044, -0.30275], "size": [2, 23, 14], "uv": [292, 340]},
						{"origin": [23, 15.03044, -0.30275], "size": [2, 21, 14], "uv": [44, 347]}
					]
				},
				{
					"name": "rightFoot",
					"parent": "rightLeg2",
					"pivot": [18, 19.9241, 8.91278],
					"rotation": [-10, 0, 0],
					"cubes": [
						{"origin": [4, 1.9241, -7.08722], "size": [21, 12, 27], "uv": [168, 91]},
						{"origin": [3, -0.0759, -27.08722], "size": [7, 4, 13], "uv": [354, 60]},
						{"origin": [11, -0.0759, -27.08722], "size": [7, 4, 13], "uv": [324, 354]},
						{"origin": [19, -0.0759, -27.08722], "size": [7, 4, 13], "uv": [188, 354]},
						{"origin": [3, -0.0759, -14.08722], "size": [23, 9, 34], "uv": [88, 118]}
					]
				},
				{
					"name": "leftLeg",
					"parent": "bonnie",
					"pivot": [-19, 125, 7],
					"rotation": [-5, 0, 0],
					"cubes": [
						{"origin": [-26, 69, -5], "size": [24, 48, 22], "uv": [0, 39]},
						{"origin": [-23, 61, -7], "size": [17, 8, 3], "uv": [0, 334]},
						{"origin": [-26, 62, -5], "size": [24, 6, 12], "uv": [295, 187]}
					]
				},
				{
					"name": "leftLeg2",
					"parent": "leftLeg",
					"pivot": [-18, 57.03425, 7.7844],
					"rotation": [15, 0, 0],
					"cubes": [
						{"origin": [-25, 35.03425, -0.2156], "size": [2, 32, 15], "uv": [216, 315]},
						{"origin": [-7, 34.03425, -0.2156], "size": [5, 35, 15], "uv": [0, 284]},
						{"origin": [-25, 35.03425, 14.7844], "size": [21, 32, 3], "uv": [314, 125]},
						{"origin": [-24, 34.03425, -3.2156], "size": [20, 31, 3], "uv": [80, 323]},
						{"origin": [-24, 14.03425, -2.2156], "size": [20, 22, 3], "uv": [343, 160]},
						{"origin": [-25, 13.03425, 13.7844], "size": [20, 22, 3], "uv": [335, 276]},
						{"origin": [-25, 14.03425, -0.2156], "size": [2, 21, 14], "uv": [156, 344]},
						{"origin": [-5, 14.03425, -0.2156], "size": [2, 21, 14], "uv": [186, 36]}
					]
				},
				{
					"name": "leftFoot",
					"parent": "leftLeg2",
					"pivot": [-16, 19.91271, 9.17359],
					"rotation": [-10, 0, 0],
					"cubes": [
						{"origin": [-25, 1.91271, -5.82641], "size": [21, 12, 26], "uv": [176, 176]},
						{"origin": [-27, -0.08729, -26.82641], "size": [6, 4, 13], "uv": [356, 253]},
						{"origin": [-20, -0.08729, -26.82641], "size": [9, 4, 13], "uv": [256, 229]},
						{"origin": [-10, -0.08729, -26.82641], "size": [8, 4, 13], "uv": [344, 28]},
						{"origin": [-27, -0.08729, -13.82641], "size": [25, 9, 34], "uv": [58, 75]}
					]
				}
			]
		}
	]
}