{
	"format_version": "1.12.0",
	"minecraft:geometry": [
		{
			"description": {
				"identifier": "geometry.chica2_stand",
				"texture_width": 512,
				"texture_height": 512,
				"visible_bounds_width": 17,
				"visible_bounds_height": 15,
				"visible_bounds_offset": [0, 0, 0]
			},
			"bones": [
				{
					"name": "p_chica",
					"pivot": [0, 74, 5]
				},
				{
					"name": "head",
					"parent": "p_chica",
					"pivot": [0, 74, 5],
					"rotation": [40, 0, -10]
				},
				{
					"name": "head2",
					"parent": "head",
					"pivot": [0, 74, 5],
					"cubes": [
						{"origin": [-15, 74, -8], "size": [31, 1, 31], "uv": [84, 39]},
						{"origin": [-14, 75, -10], "size": [6, 14, 2], "uv": [88, 132]},
						{"origin": [9, 75, -10], "size": [6, 14, 2], "uv": [100, 0]},
						{"origin": [12, 89, -10], "size": [3, 3, 2], "uv": [102, 39]},
						{"origin": [-8, 86, -10], "size": [13, 3, 2], "uv": [130, 34]},
						{"origin": [-14, 86, -10], "size": [26, 5, 2], "uv": [134, 275]},
						{"origin": [-1, 92, -10], "size": [3, 10, 2], "uv": [102, 98]},
						{"origin": [-13, 100, -10], "size": [29, 4, 2], "uv": [118, 78]},
						{"origin": [-10, 102, -11], "size": [8, 1, 1], "uv": [84, 68]},
						{"origin": [3, 102, -11], "size": [8, 1, 1], "uv": [0, 27]},
						{"origin": [-14, 75, 23], "size": [29, 29, 2], "uv": [62, 303]},
						{"origin": [11, 91, -10], "size": [3, 11, 2], "uv": [0, 234]},
						{"origin": [-13, 91, -10], "size": [3, 11, 2], "uv": [180, 71]},
						{"origin": [-15, 75, -9], "size": [2, 29, 2], "uv": [240, 357]},
						{"origin": [-15, 75, 22], "size": [2, 29, 2], "uv": [232, 357]},
						{"origin": [14, 75, -9], "size": [2, 20, 2], "uv": [26, 50]},
						{"origin": [14, 75, 22], "size": [2, 29, 2], "uv": [224, 357]},
						{"origin": [-16, 75, -8], "size": [2, 29, 2], "uv": [138, 356]},
						{"origin": [-16, 75, 21], "size": [2, 29, 2], "uv": [328, 348]},
						{"origin": [14, 94, -9], "size": [3, 10, 3], "uv": [111, 202]},
						{"origin": [15, 76, -8], "size": [2, 18, 2], "uv": [78, 180]},
						{"origin": [15, 75, 21], "size": [2, 29, 2], "uv": [234, 276]},
						{"origin": [16, 75, -7], "size": [2, 29, 29], "uv": [78, 202]},
						{"origin": [15, 103, -7], "size": [2, 4, 29], "uv": [0, 285]},
						{"origin": [-14, 103, 22], "size": [29, 5, 2], "uv": [168, 97]},
						{"origin": [-14, 103, -9], "size": [29, 5, 2], "uv": [118, 71]},
						{"origin": [-5, 108, 7], "size": [2, 3, 7], "uv": [11, 302]},
						{"origin": [4, 108, 7], "size": [2, 3, 7], "uv": [0, 299]},
						{"origin": [5, 110, 7], "size": [2, 3, 7], "uv": [297, 204]},
						{"origin": [6, 112, 7], "size": [2, 3, 7], "uv": [242, 296]},
						{"origin": [-6, 110, 7], "size": [2, 3, 7], "uv": [151, 202]},
						{"origin": [-7, 112, 7], "size": [2, 3, 7], "uv": [140, 0]},
						{"origin": [-3, 108, 5], "size": [7, 3, 2], "uv": [177, 65]},
						{"origin": [-3, 108, 14], "size": [7, 3, 2], "uv": [177, 49]},
						{"origin": [-3, 112, 3], "size": [7, 3, 2], "uv": [160, 34]},
						{"origin": [-3, 112, 16], "size": [7, 3, 2], "uv": [140, 23]},
						{"origin": [-3, 110, 4], "size": [7, 3, 2], "uv": [140, 10]},
						{"origin": [-3, 110, 15], "size": [7, 3, 2], "uv": [0, 127]},
						{"origin": [-14, 103, -7], "size": [29, 5, 29], "uv": [130, 0]},
						{"origin": [-16, 103, -7], "size": [2, 4, 29], "uv": [282, 282]},
						{"origin": [-17, 75, -7], "size": [1, 30, 29], "uv": [140, 216]}
					]
				},
				{
					"name": "beakUpper",
					"parent": "head2",
					"pivot": [0, -109, 0],
					"cubes": [
						{"origin": [-3, 90, -16], "size": [7, 3, 6], "uv": [230, 97]},
						{"origin": [-4, 88, -19], "size": [9, 2, 9], "uv": [82, 87]},
						{"origin": [-6, 88, -18], "size": [2, 2, 8], "uv": [164, 282]},
						{"origin": [5, 88, -18], "size": [2, 2, 8], "uv": [168, 84]},
						{"origin": [-8, 86, -14], "size": [16, 2, 4], "uv": [100, 23]},
						{"origin": [-7, 86, -19], "size": [15, 2, 5], "uv": [262, 64]},
						{"origin": [-5, 86, -21], "size": [11, 2, 2], "uv": [0, 69]},
						{"origin": [-3, 86, -23], "size": [7, 2, 2], "uv": [66, 128]}
					]
				},
				{
					"name": "endo",
					"parent": "head",
					"pivot": [0, 74, 5],
					"cubes": [
						{"origin": [-5, 81, -7], "size": [13, 1, 13], "uv": [343, 36]},
						{"origin": [-4, 82, -7], "size": [2, 1, 1], "uv": [18, 52]},
						{"origin": [5, 82, -7], "size": [2, 1, 1], "uv": [0, 52]},
						{"origin": [2, 82, -7], "size": [2, 1, 1], "uv": [18, 50]},
						{"origin": [2, 85, -7], "size": [2, 1, 1], "uv": [0, 50]},
						{"origin": [-1, 85, -7], "size": [2, 1, 1], "uv": [24, 27]},
						{"origin": [-4, 85, -7], "size": [2, 1, 1], "uv": [18, 27]},
						{"origin": [5, 85, -7], "size": [2, 1, 1], "uv": [24, 18]},
						{"origin": [-1, 82, -7], "size": [2, 1, 1], "uv": [24, 16]},
						{"origin": [-5, 86, -7], "size": [13, 1, 13], "uv": [341, 10]}
					]
				},
				{
					"name": "endo2",
					"parent": "endo",
					"pivot": [0, 74, 7],
					"cubes": [
						{"origin": [-5, 79, 6], "size": [13, 14, 2], "uv": [0, 0]},
						{"origin": [-11, 89, 6], "size": [23, 18, 2], "uv": [334, 122]},
						{"origin": [-10, 91, -7], "size": [9, 8, 4], "uv": [217, 16]},
						{"origin": [2, 91, -7], "size": [9, 8, 4], "uv": [78, 217]},
						{"origin": [-11, 98, -9], "size": [11, 4, 12], "uv": [217, 0]},
						{"origin": [0, 98, -9], "size": [11, 4, 12], "uv": [171, 216]}
					]
				},
				{
					"name": "body",
					"parent": "p_chica",
					"pivot": [0, 74, 5]
				},
				{
					"name": "body2",
					"parent": "body",
					"pivot": [0, 74, 5],
					"cubes": [
						{"origin": [-18, 71, -3], "size": [37, 3, 23], "uv": [168, 71]},
						{"origin": [-18, 68, 17], "size": [37, 3, 6], "uv": [0, 101]},
						{"origin": [-17, 19, 18], "size": [34, 49, 5], "uv": [0, 180]},
						{"origin": [-23, 65, -3], "size": [9, 7, 23], "uv": [296, 64]},
						{"origin": [-31, 53, 0], "size": [12, 7, 16], "pivot": [3, 74, 5], "rotation": [0, 0, 25], "uv": [111, 202]},
						{"origin": [21, 57, 0], "size": [12, 7, 16], "pivot": [-1, 74, 5], "rotation": [0, 0, -20], "uv": [100, 0]},
						{"origin": [-28, 57, 3], "size": [8, 7, 11], "pivot": [2, 75, 5], "rotation": [0, 0, 25], "uv": [100, 356]},
						{"origin": [22, 63, 3], "size": [8, 7, 11], "pivot": [-1, 74, 5], "rotation": [0, 0, -15], "uv": [75, 99]},
						{"origin": [-19, 55, -7], "size": [38, 11, 3], "uv": [0, 87]},
						{"origin": [-16, 19, -6], "size": [32, 38, 3], "uv": [239, 151]},
						{"origin": [-3, 18, 7], "size": [6, 8, 3], "uv": [66, 117]},
						{"origin": [9, 12, -6], "size": [10, 7, 4], "uv": [0, 16]},
						{"origin": [9, 12, 18], "size": [10, 6, 4], "uv": [84, 58]},
						{"origin": [19, 12, -7], "size": [2, 6, 29], "uv": [131, 282]},
						{"origin": [-20, 12, -6], "size": [2, 7, 28], "uv": [202, 283]},
						{"origin": [-18, 12, 18], "size": [8, 6, 4], "uv": [266, 207]},
						{"origin": [-17, 9, -7], "size": [35, 9, 30], "uv": [0, 0]},
						{"origin": [-10, 2, -4], "size": [21, 7, 24], "uv": [177, 34]},
						{"origin": [-18, 12, -6], "size": [8, 7, 4], "uv": [170, 186]},
						{"origin": [-19, 65, -5], "size": [38, 7, 3], "uv": [293, 0]},
						{"origin": [-20, 49, -5], "size": [4, 17, 26], "uv": [262, 71]},
						{"origin": [15, 49, -5], "size": [5, 17, 26], "uv": [38, 259]},
						{"origin": [16, 19, -5], "size": [2, 18, 26], "uv": [174, 267]},
						{"origin": [-18, 20, -5], "size": [4, 17, 26], "uv": [100, 260]},
						{"origin": [-19, 36, -5], "size": [3, 14, 26], "uv": [284, 24]},
						{"origin": [16, 35, -6], "size": [3, 15, 27], "uv": [264, 192]},
						{"origin": [14, 65, -3], "size": [9, 7, 23], "uv": [239, 296]}
					]
				},
				{
					"name": "leftarm",
					"parent": "p_chica",
					"pivot": [-24, 69, 9],
					"rotation": [0, 0, 35],
					"cubes": [
						{"origin": [38.83631, 28.50268, -8.29713], "size": [15, 33, 17], "pivot": [4, -109, 0], "rotation": [0, -10, -25], "uv": [246, 0]}
					]
				},
				{
					"name": "LeftArm2",
					"parent": "leftarm",
					"pivot": [20.60766, 72.57363, 2.48428],
					"rotation": [-15, 5, -25]
				},
				{
					"name": "leftArmCake",
					"parent": "LeftArm2",
					"pivot": [-23.87389, 24.06791, -152.18058],
					"rotation": [-85, 20, -100],
					"cubes": [
						{"origin": [-65.72141, 133.38033, -147.9873], "size": [6, 10, 5], "uv": [204, 276]},
						{"origin": [-65.72141, 133.38033, -141.9873], "size": [6, 10, 5], "uv": [266, 192]},
						{"origin": [-66.02424, 152.63813, -147.17413], "size": [15, 34, 17], "uv": [0, 234]},
						{"origin": [-100.7855, 182.8091, -147.9873], "size": [6, 9, 5], "pivot": [-9.72369, 203.92081, -149.6963], "rotation": [0, 0, -45], "uv": [296, 71]},
						{"origin": [-99.30763, 175.18391, -141.9873], "size": [6, 9, 5], "pivot": [-9.72369, 203.92081, -149.6963], "rotation": [0, 0, -40], "uv": [280, 296]},
						{"origin": [-65.72141, 133.38033, -135.9873], "size": [6, 10, 5], "uv": [265, 71]},
						{"origin": [-65.72369, 143.92081, -146.6963], "size": [15, 12, 16], "uv": [297, 176]},
						{"origin": [-62.68656, 148.24926, -118.96102], "size": [6, 10, 5], "pivot": [-9.72369, 203.92081, -149.6963], "rotation": [-35, 0, 0], "uv": [47, 234]},
						{"origin": [-101.59316, 190.53409, -135.9873], "size": [6, 9, 5], "pivot": [-9.72369, 203.92081, -149.6963], "rotation": [0, 0, -50], "uv": [0, 285]},
						{"origin": [-65.72369, 142.92081, -147.6963], "size": [15, 1, 17], "uv": [311, 264]},
						{"origin": [-61.11343, 130.95258, -148.0637], "size": [11, 16, 17], "uv": [286, 315]},
						{"origin": [-50.15719, 131.09749, -148.05172], "size": [15, 16, 17], "uv": [270, 114]},
						{"origin": [-35.17761, 135.63178, -142.04612], "size": [16, 5, 5], "uv": [264, 234]},
						{"origin": [-61.19911, 150.00274, -105.0316], "size": [6, 8, 5], "pivot": [-9.72369, 203.92081, -149.6963], "rotation": [-35, -20, 0], "uv": [171, 232]}
					]
				},
				{
					"name": "rightArm",
					"parent": "p_chica",
					"pivot": [27, 71, 9],
					"rotation": [-40, 10, -20],
					"cubes": [
						{"origin": [-8.47666, 39.94555, -1], "size": [15, 29, 17], "pivot": [-2, -109, 0], "rotation": [0, 0, 10], "uv": [247, 250]}
					]
				},
				{
					"name": "rightArm2",
					"parent": "rightArm",
					"pivot": [-2, -109, 0],
					"cubes": [
						{"origin": [-7.99619, 5.82907, -1], "size": [15, 34, 17], "pivot": [-2, -109, 0], "rotation": [0, 0, 10], "uv": [200, 216]},
						{"origin": [-7.94542, -6.57257, -1], "size": [15, 13, 17], "pivot": [-2, -109, 0], "rotation": [0, 0, 10], "uv": [294, 234]},
						{"origin": [0.79576, -19.53849, 6], "size": [6, 13, 6], "pivot": [-2, -109, 0], "rotation": [0, 0, 10], "uv": [84, 39]},
						{"origin": [0.79576, -19.53849, 11], "size": [6, 13, 6], "pivot": [-2, -109, 0], "rotation": [0, 0, 10], "uv": [0, 50]},
						{"origin": [-38.5269, -33.45359, 11], "size": [6, 9, 6], "pivot": [-2, -109, 0], "rotation": [0, 0, 35], "uv": [177, 34]},
						{"origin": [-38.5269, -33.45359, 6], "size": [6, 9, 6], "pivot": [-2, -109, 0], "rotation": [0, 0, 35], "uv": [78, 202]},
						{"origin": [-45.12039, -36.43039, -1], "size": [6, 10, 6], "pivot": [-2, -109, 0], "rotation": [0, 0, 40], "uv": [170, 170]},
						{"origin": [44.46257, 1.96961, 35.19946], "size": [6, 12, 5], "pivot": [12.1502, 70.8529, 2.48428], "rotation": [-35, 0, 20], "uv": [0, 110]},
						{"origin": [44.84867, -10.59857, 22.46514], "size": [6, 10, 5], "pivot": [12.1502, 70.8529, 2.48428], "rotation": [-25, 0, 20], "uv": [140, 225]},
						{"origin": [0.79576, -19.53849, -1], "size": [6, 13, 6], "pivot": [-2, -109, 0], "rotation": [0, 0, 10], "uv": [150, 132]}
					]
				},
				{
					"name": "rightLeg",
					"parent": "p_chica",
					"pivot": [15, 16, 7],
					"rotation": [-85, 0, 0],
					"cubes": [
						{"origin": [3, -41, -4], "size": [21, 50, 20], "uv": [88, 132]},
						{"origin": [2, -8, -3], "size": [3, 16, 19], "uv": [174, 311]},
						{"origin": [6, -48, -7], "size": [16, 8, 4], "uv": [244, 114]},
						{"origin": [3, -47, -4], "size": [22, 6, 11], "uv": [309, 147]}
					]
				},
				{
					"name": "rightLeg2",
					"parent": "rightLeg",
					"pivot": [16, -43, 7],
					"rotation": [15, 0, 0],
					"cubes": [
						{"origin": [3, -65, -1], "size": [5, 24, 15], "uv": [124, 317]},
						{"origin": [22, -66, -1], "size": [3, 24, 15], "uv": [218, 318]},
						{"origin": [5, -65, 14], "size": [21, 24, 3], "uv": [0, 318]},
						{"origin": [5, -66, -4], "size": [18, 25, 3], "uv": [342, 342]},
						{"origin": [6, -86, -3], "size": [17, 22, 3], "uv": [343, 164]},
						{"origin": [6, -89, 13], "size": [19, 24, 3], "uv": [67, 334]},
						{"origin": [4, -88, -1], "size": [2, 23, 14], "uv": [254, 326]},
						{"origin": [23, -86, -1], "size": [2, 21, 14], "uv": [0, 345]}
					]
				},
				{
					"name": "rightFoot",
					"parent": "rightLeg2",
					"pivot": [18, -88, 7],
					"rotation": [-10, 0, 0],
					"cubes": [
						{"origin": [5, -106, -9], "size": [21, 19, 27], "uv": [170, 170]},
						{"origin": [5, -108, -29], "size": [9, 9, 13], "uv": [341, 229]},
						{"origin": [20, -108, -29], "size": [8, 9, 13], "uv": [286, 348]},
						{"origin": [3, -108, -16], "size": [25, 14, 34], "uv": [84, 84]}
					]
				},
				{
					"name": "leftLeg",
					"parent": "p_chica",
					"pivot": [-19, 16, 7],
					"rotation": [-95, 0, 0],
					"cubes": [
						{"origin": [-24, -40, -5], "size": [22, 48, 22], "uv": [0, 110]},
						{"origin": [-20, -48, -7], "size": [14, 8, 3], "uv": [0, 39]},
						{"origin": [-24, -47, -5], "size": [22, 6, 12], "uv": [170, 151]}
					]
				},
				{
					"name": "leftLeg2",
					"parent": "leftLeg",
					"pivot": [-18, -43, 7],
					"rotation": [45, 0, 0],
					"cubes": [
						{"origin": [-25, -65, -1], "size": [2, 24, 15], "uv": [33, 330]},
						{"origin": [-7, -66, -1], "size": [5, 24, 15], "uv": [316, 10]},
						{"origin": [-25, -65, 14], "size": [21, 24, 3], "uv": [315, 282]},
						{"origin": [-24, -66, -4], "size": [20, 25, 3], "uv": [322, 94]},
						{"origin": [-24, -86, -3], "size": [20, 22, 3], "uv": [324, 204]},
						{"origin": [-25, -87, 13], "size": [20, 22, 3], "uv": [74, 260]},
						{"origin": [-25, -86, -1], "size": [2, 21, 14], "uv": [150, 342]},
						{"origin": [-5, -86, -1], "size": [2, 21, 14], "uv": [337, 50]}
					]
				},
				{
					"name": "leftFoot",
					"parent": "leftLeg2",
					"pivot": [-16, -88, 7],
					"rotation": [-10, 0, 0],
					"cubes": [
						{"origin": [-25, -106, -8], "size": [21, 19, 26], "uv": [176, 106]},
						{"origin": [-27, -108, -29], "size": [8, 9, 13], "uv": [182, 346]},
						{"origin": [-12, -108, -29], "size": [9, 9, 13], "uv": [331, 309]},
						{"origin": [-27, -108, -16], "size": [25, 14, 34], "uv": [0, 39]}
					]
				}
			]
		}
	]
}