{
	"format_version": "1.12.0",
	"minecraft:geometry": [
		{
			"description": {
				"identifier": "geometry.freddy",
				"texture_width": 512,
				"texture_height": 512,
				"visible_bounds_width": 20,
				"visible_bounds_height": 17,
				"visible_bounds_offset": [0, 0, 0]
			},
			"bones": [
				{
					"name": "freddy",
					"pivot": [-20, 43, 5],
					"rotation": [0, 0, -90]
				},
				{
					"name": "head",
					"parent": "freddy",
					"pivot": [-20, 45, 5],
					"rotation": [0, 0, -20]
				},
				{
					"name": "head2",
					"parent": "head",
					"pivot": [-20, 45, 5],
					"cubes": [
						{"origin": [-35, 39.61691, 21.52904], "size": [31, 2, 32], "pivot": [-20, -140, 0], "rotation": [10, 0, 0], "uv": [92, 39]},
						{"origin": [-35, 47, 19], "size": [31, 3, 4], "uv": [152, 26]},
						{"origin": [-35, 47, -5], "size": [3, 2, 24], "uv": [0, 331]},
						{"origin": [-35.36808, 43.24123, -9], "size": [29, 2, 5], "uv": [168, 130]},
						{"origin": [-7.68404, 43.82043, 8.77912], "size": [3, 2, 25], "pivot": [-20, -140, 0], "rotation": [5, 0, 0], "uv": [317, 77]},
						{"origin": [-33, 55, -14], "size": [13, 8, 6], "uv": [76, 265]},
						{"origin": [-20, 56, -14], "size": [1, 7, 6], "uv": [107, 118]},
						{"origin": [-19, 55, -14], "size": [12, 8, 6], "uv": [140, 321]},
						{"origin": [-21, 63, -10], "size": [3, 8, 2], "uv": [181, 90]},
						{"origin": [-22, 63, -14], "size": [5, 2, 3], "uv": [142, 104]},
						{"origin": [-33, 71, -10], "size": [29, 4, 2], "uv": [247, 298]},
						{"origin": [-30, 72, -11], "size": [8, 2, 1], "uv": [68, 132]},
						{"origin": [-17, 72, -11], "size": [8, 2, 1], "uv": [122, 26]},
						{"origin": [-34, 51, 23], "size": [29, 26, 2], "uv": [316, 116]},
						{"origin": [-9, 63, -10], "size": [3, 8, 2], "uv": [142, 90]},
						{"origin": [-33, 62, -10], "size": [3, 9, 2], "uv": [68, 118]},
						{"origin": [-35, 51, 22], "size": [2, 26, 2], "uv": [30, 324]},
						{"origin": [-6, 51, 22], "size": [2, 26, 2], "uv": [176, 321]},
						{"origin": [-36, 52, -8], "size": [2, 26, 2], "uv": [20, 289]},
						{"origin": [-34, 52, -9], "size": [3, 22, 2], "uv": [71, 238]},
						{"origin": [-8, 52, -9], "size": [4, 13, 2], "uv": [82, 215]},
						{"origin": [-31, 52, -9], "size": [23, 5, 2], "uv": [0, 109]},
						{"origin": [-36, 51, 21], "size": [2, 26, 2], "uv": [12, 289]},
						{"origin": [-6, 52, -9], "size": [3, 23, 3], "uv": [0, 289]},
						{"origin": [-5, 52, -8], "size": [2, 13, 2], "uv": [112, 132]},
						{"origin": [-5, 51, 21], "size": [2, 26, 2], "uv": [237, 81]},
						{"origin": [-3, 52, -7], "size": [1, 26, 29], "uv": [119, 236]},
						{"origin": [-5, 74, -7], "size": [2, 6, 29], "uv": [284, 81]},
						{"origin": [-34, 74, 22], "size": [29, 5, 2], "uv": [219, 0]},
						{"origin": [-34, 74, -9], "size": [29, 5, 2], "uv": [176, 168]},
						{"origin": [-34, 75, 9], "size": [29, 6, 13], "uv": [277, 0]},
						{"origin": [-34, 75, -7], "size": [29, 6, 13], "uv": [270, 195]},
						{"origin": [-34, 75, 6], "size": [5, 6, 3], "uv": [176, 104]},
						{"origin": [-29, 77, 6], "size": [19, 4, 3], "uv": [150, 258]},
						{"origin": [-10, 75, 6], "size": [5, 6, 3], "uv": [0, 127]},
						{"origin": [-36, 74, -7], "size": [2, 6, 29], "uv": [214, 284]},
						{"origin": [-37, 52, -7], "size": [1, 26, 29], "uv": [219, 229]},
						{"origin": [-39.78417, 101.25175, -2], "size": [17, 2, 17], "uv": [399, 235]},
						{"origin": [-38.12619, 102.31206, 0], "size": [13, 11, 13], "uv": [416, 208]}
					]
				},
				{
					"name": "leftEar",
					"parent": "head2",
					"pivot": [94, -93, -13],
					"rotation": [0, 0, -30],
					"cubes": [
						{"origin": [64, 123, 6], "size": [9, 8, 3], "uv": [32, 306]},
						{"origin": [66, 118, 6], "size": [5, 5, 3], "uv": [142, 73]},
						{"origin": [65.0237, 130.31793, 6], "size": [7, 2, 3], "uv": [0, 56]}
					]
				},
				{
					"name": "leftEarUp",
					"parent": "leftEar",
					"pivot": [80, -69, 62],
					"rotation": [20, 0, 0]
				},
				{
					"name": "rightEar",
					"parent": "head2",
					"pivot": [-117, -103, -14],
					"rotation": [0, 0, 35],
					"cubes": [
						{"origin": [-133, 113, 5], "size": [9, 9, 3], "uv": [210, 301]},
						{"origin": [-131.92446, 121.59466, 5], "size": [7, 2, 3], "uv": [0, 23]},
						{"origin": [-131, 108, 5], "size": [5, 5, 3], "uv": [122, 15]}
					]
				},
				{
					"name": "rightEarUp",
					"parent": "rightEar",
					"pivot": [-117, -71, 79],
					"rotation": [25, 0, 0]
				},
				{
					"name": "endo",
					"parent": "head",
					"pivot": [-20, 45, 5],
					"cubes": [
						{"origin": [-29.35779, 38.50243, 46.53466], "size": [13, 1, 13], "pivot": [-20, -140, 0], "rotation": [15, 5, 0], "uv": [142, 90]},
						{"origin": [-31.36808, 45.24123, -9], "size": [2, 1, 1], "uv": [104, 73]},
						{"origin": [-16.36808, 45.24123, -9], "size": [2, 1, 1], "uv": [98, 73]},
						{"origin": [-13.36808, 45.24123, -9], "size": [2, 1, 1], "uv": [92, 73]},
						{"origin": [-10.36808, 45.24123, -9], "size": [2, 1, 1], "uv": [88, 59]},
						{"origin": [-18.58949, 45.98558, -2], "size": [2, 1, 1], "uv": [82, 59]},
						{"origin": [-20.64979, 45.64356, -2], "size": [2, 1, 1], "uv": [76, 59]},
						{"origin": [-23.64979, 45.64356, -2], "size": [2, 1, 1], "uv": [70, 59]},
						{"origin": [-26.64979, 45.64356, -2], "size": [2, 1, 1], "uv": [24, 28]},
						{"origin": [-25.36808, 45.24123, -9], "size": [2, 1, 1], "uv": [6, 28]},
						{"origin": [-18, 56, -7], "size": [2, 1, 1], "uv": [0, 28]},
						{"origin": [-21, 56, -7], "size": [2, 1, 1], "uv": [19, 27]},
						{"origin": [-24, 56, -7], "size": [2, 1, 1], "uv": [20, 25]},
						{"origin": [-15, 56, -7], "size": [2, 1, 1], "uv": [23, 23]},
						{"origin": [-28.36808, 45.24123, -9], "size": [2, 1, 1], "uv": [17, 23]},
						{"origin": [-25, 53, -2], "size": [13, 1, 13], "uv": [68, 118]}
					]
				},
				{
					"name": "endo2",
					"parent": "endo",
					"pivot": [-20, 45, 7],
					"cubes": [
						{"origin": [-25, 43, 11], "size": [13, 21, 2], "uv": [0, 0]},
						{"origin": [-31, 60, 6], "size": [23, 18, 2], "uv": [70, 39]},
						{"origin": [-18, 62, -7], "size": [9, 8, 4], "uv": [244, 168]},
						{"origin": [-31, 69, -9], "size": [11, 4, 12], "uv": [264, 357]},
						{"origin": [-20, 69, -9], "size": [11, 4, 12], "uv": [351, 248]}
					]
				},
				{
					"name": "body",
					"parent": "freddy",
					"pivot": [-20, 43, 5]
				},
				{
					"name": "body2",
					"parent": "body",
					"pivot": [-20, 43, 5],
					"cubes": [
						{"origin": [-38, 40, -3], "size": [37, 3, 23], "uv": [122, 0]},
						{"origin": [-38, 37, 17], "size": [37, 3, 6], "uv": [142, 81]},
						{"origin": [-39, -12, 18], "size": [39, 49, 5], "uv": [88, 161]},
						{"origin": [-43, 34, -3], "size": [9, 7, 23], "uv": [295, 295]},
						{"origin": [-51, 22, 0], "size": [12, 7, 16], "pivot": [-17, 43, 5], "rotation": [0, 0, 25], "uv": [342, 33]},
						{"origin": [1, 26, 0], "size": [12, 7, 16], "pivot": [-21, 43, 5], "rotation": [0, 0, -20], "uv": [336, 291]},
						{"origin": [-48, 26, 3], "size": [8, 7, 11], "pivot": [-18, 44, 5], "rotation": [0, 0, 25], "uv": [368, 211]},
						{"origin": [2, 32, 3], "size": [8, 7, 11], "pivot": [-21, 43, 5], "rotation": [0, 0, -15], "uv": [99, 368]},
						{"origin": [-39, -10, -7], "size": [38, 47, 3], "uv": [0, 188]},
						{"origin": [-37, -8, -9], "size": [35, 42, 2], "uv": [174, 214]},
						{"origin": [-36, -12, -6], "size": [32, 38, 3], "uv": [250, 214]},
						{"origin": [-23, -13, 7], "size": [6, 8, 3], "uv": [0, 116]},
						{"origin": [-11, -19, -6], "size": [14, 7, 4], "uv": [283, 169]},
						{"origin": [-11, -19, 18], "size": [10, 6, 4], "uv": [230, 60]},
						{"origin": [2, -18, -7], "size": [2, 6, 29], "uv": [283, 124]},
						{"origin": [-44, -19, -6], "size": [2, 7, 28], "uv": [0, 289]},
						{"origin": [-38, -19, 18], "size": [8, 6, 4], "uv": [76, 279]},
						{"origin": [-43, -22, -7], "size": [46, 9, 30], "uv": [0, 0]},
						{"origin": [-30, -29, -4], "size": [21, 7, 24], "uv": [178, 137]},
						{"origin": [-42, -20, -6], "size": [12, 8, 4], "uv": [92, 59]},
						{"origin": [-39, 34, -5], "size": [38, 7, 3], "uv": [283, 159]},
						{"origin": [-42, 18, -5], "size": [6, 17, 26], "uv": [38, 263]},
						{"origin": [-5, 18, -5], "size": [7, 17, 26], "uv": [244, 110]},
						{"origin": [-4, -12, -5], "size": [4, 18, 26], "uv": [76, 280]},
						{"origin": [-40, -11, -5], "size": [6, 17, 26], "uv": [179, 258]},
						{"origin": [-42, 5, -6], "size": [6, 14, 27], "uv": [252, 257]},
						{"origin": [-4, 4, -6], "size": [6, 15, 27], "uv": [244, 153]},
						{"origin": [-6, 34, -3], "size": [9, 7, 23], "uv": [136, 291]}
					]
				},
				{
					"name": "leftarm",
					"parent": "freddy",
					"pivot": [-44, 38, 9],
					"rotation": [0, 0, 35],
					"cubes": [
						{"origin": [18.87929, -26.18757, -95.66809], "size": [16, 33, 17], "pivot": [-16, -140, 0], "rotation": [-30, -10, -25], "uv": [82, 215]}
					]
				},
				{
					"name": "leftArm2",
					"parent": "leftarm",
					"pivot": [12.99966, 21.30376, -166.56197],
					"rotation": [95, -175, 150],
					"cubes": [
						{"origin": [-28.84786, 130.61618, -156.36869], "size": [6, 10, 5], "uv": [0, 324]},
						{"origin": [-29.15069, 149.87398, -161.55552], "size": [15, 34, 17], "uv": [0, 238]},
						{"origin": [-61.60809, 208.77476, -161.07267], "size": [6, 9, 5], "pivot": [27.14986, 201.15666, -164.07769], "rotation": [0, 0, -65], "uv": [91, 339]},
						{"origin": [-55.36275, 232.55169, -155.98528], "size": [6, 9, 5], "pivot": [27.14986, 201.15666, -164.07769], "rotation": [0, 0, -80], "uv": [0, 339]},
						{"origin": [-28.84786, 130.61618, -150.36869], "size": [6, 10, 5], "uv": [317, 77]},
						{"origin": [-28.85014, 141.15666, -161.07769], "size": [15, 12, 16], "uv": [295, 49]},
						{"origin": [-20.71486, 131.75397, -171.98472], "size": [6, 8, 33], "uv": [185, 40]},
						{"origin": [-22.17059, 128.95838, -182.9751], "size": [10, 12, 11], "uv": [350, 8]},
						{"origin": [-26.66297, 145.06818, -137.22876], "size": [6, 10, 5], "pivot": [27.14986, 201.15666, -164.07769], "rotation": [-30, 0, 0], "uv": [284, 116]},
						{"origin": [-52.69032, 238.84981, -150.74729], "size": [6, 9, 5], "pivot": [27.14986, 201.15666, -164.07769], "rotation": [0, 0, -85], "uv": [294, 304]},
						{"origin": [-28.85014, 140.15666, -162.07769], "size": [15, 1, 17], "uv": [318, 273]},
						{"origin": [-33.22923, 161.80452, -120.15998], "size": [6, 8, 5], "pivot": [27.14986, 201.15666, -164.07769], "rotation": [-35, -20, -10], "uv": [177, 301]},
						{"origin": [13.42224, 130.67094, -162.85421], "size": [6, 10, 5], "pivot": [-2.58013, 17.54918, -194.97892], "rotation": [0, 0, -20], "uv": [91, 324]}
					]
				},
				{
					"name": "rightArm",
					"parent": "freddy",
					"pivot": [7, 40, 9],
					"rotation": [-15, 45, -20],
					"cubes": [
						{"origin": [-29.47666, 8.94555, -1], "size": [16, 29, 17], "pivot": [-22, -140, 0], "rotation": [0, 0, 10], "uv": [246, 64]}
					]
				},
				{
					"name": "rightArm2",
					"parent": "rightArm",
					"pivot": [-49.05765, -53.53103, -112],
					"rotation": [-60, 10, 5],
					"cubes": [
						{"origin": [-55.05384, 61.29804, -113], "size": [15, 34, 17], "pivot": [-49.05765, -53.53103, -112], "rotation": [0, 0, 10], "uv": [230, 9]},
						{"origin": [-55.00307, 48.8964, -113], "size": [15, 13, 17], "pivot": [-49.05765, -53.53103, -112], "rotation": [0, 0, 10], "uv": [294, 19]},
						{"origin": [-46.26189, 35.93048, -106], "size": [6, 13, 6], "pivot": [-49.05765, -53.53103, -112], "rotation": [0, 0, 10], "uv": [150, 232]},
						{"origin": [-46.26189, 35.93048, -101], "size": [6, 13, 6], "pivot": [-49.05765, -53.53103, -112], "rotation": [0, 0, 10], "uv": [176, 176]},
						{"origin": [-85.58455, 22.01538, -101], "size": [6, 9, 6], "pivot": [-49.05765, -53.53103, -112], "rotation": [0, 0, 35], "uv": [47, 238]},
						{"origin": [-85.58455, 22.01538, -106], "size": [6, 9, 6], "pivot": [-49.05765, -53.53103, -112], "rotation": [0, 0, 35], "uv": [168, 137]},
						{"origin": [-92.17804, 19.03858, -113], "size": [6, 10, 6], "pivot": [-49.05765, -53.53103, -112], "rotation": [0, 0, 40], "uv": [219, 7]},
						{"origin": [-2.59508, 57.43858, -76.80054], "size": [6, 12, 5], "pivot": [-34.90745, 126.32187, -109.51572], "rotation": [-35, 0, 20], "uv": [0, 39]},
						{"origin": [-2.20898, 44.8704, -89.53486], "size": [6, 10, 5], "pivot": [-34.90745, 126.32187, -109.51572], "rotation": [-25, 0, 20], "uv": [122, 0]},
						{"origin": [-46.26189, 35.93048, -113], "size": [6, 13, 6], "pivot": [-49.05765, -53.53103, -112], "rotation": [0, 0, 10], "uv": [88, 132]}
					]
				},
				{
					"name": "rightLeg",
					"parent": "freddy",
					"pivot": [-5, -15, 7],
					"rotation": [5, 0, 15],
					"cubes": [
						{"origin": [-17, -72, -4], "size": [24, 50, 20], "uv": [0, 118]},
						{"origin": [-18, -39, -3], "size": [3, 16, 19], "uv": [66, 336]},
						{"origin": [-14, -79, -7], "size": [18, 8, 4], "uv": [110, 291]},
						{"origin": [-17, -78, -4], "size": [24, 6, 11], "uv": [310, 169]}
					]
				},
				{
					"name": "rightLeg2",
					"parent": "rightLeg",
					"pivot": [-4, -81.96956, 7.69725],
					"rotation": [15, 0, 0],
					"cubes": [
						{"origin": [-17, -103.96956, -0.30275], "size": [5, 31, 15], "uv": [45, 309]},
						{"origin": [2, -104.96956, -0.30275], "size": [3, 32, 15], "uv": [273, 310]},
						{"origin": [-15, -103.96956, 14.69725], "size": [21, 31, 3], "uv": [320, 214]},
						{"origin": [-15, -104.96956, -3.30275], "size": [18, 30, 3], "uv": [222, 354]},
						{"origin": [-14, -124.96956, -2.30275], "size": [17, 22, 3], "uv": [0, 357]},
						{"origin": [-14, -127.96956, 13.69725], "size": [19, 24, 3], "uv": [355, 355]},
						{"origin": [-16, -126.96956, -0.30275], "size": [2, 23, 14], "uv": [186, 33]},
						{"origin": [3, -124.96956, -0.30275], "size": [2, 21, 14], "uv": [187, 356]}
					]
				},
				{
					"name": "rightFoot",
					"parent": "rightLeg2",
					"pivot": [-2, -120.0759, 8.91278],
					"rotation": [-10, 0, 0],
					"cubes": [
						{"origin": [-16, -138.0759, -7.08722], "size": [21, 12, 27], "uv": [168, 91]},
						{"origin": [-17, -140.0759, -27.08722], "size": [7, 4, 13], "uv": [365, 264]},
						{"origin": [-9, -140.0759, -27.08722], "size": [7, 4, 13], "uv": [362, 144]},
						{"origin": [-1, -140.0759, -27.08722], "size": [7, 4, 13], "uv": [310, 359]},
						{"origin": [-17, -140.0759, -14.08722], "size": [23, 9, 34], "uv": [88, 118]}
					]
				},
				{
					"name": "leftLeg",
					"parent": "freddy",
					"pivot": [-39, -15, 7],
					"rotation": [-35, 0, 0],
					"cubes": [
						{"origin": [-46, -71, -5], "size": [24, 48, 22], "uv": [0, 39]},
						{"origin": [-43, -79, -7], "size": [17, 8, 3], "uv": [291, 273]},
						{"origin": [-46, -78, -5], "size": [24, 6, 12], "uv": [291, 255]}
					]
				},
				{
					"name": "leftLeg2",
					"parent": "leftLeg",
					"pivot": [-38, -82.96575, 7.7844],
					"rotation": [15, 0, 0],
					"cubes": [
						{"origin": [-45, -104.96575, -0.2156], "size": [2, 32, 15], "uv": [121, 321]},
						{"origin": [-27, -105.96575, -0.2156], "size": [5, 35, 15], "uv": [185, 306]},
						{"origin": [-45, -104.96575, 14.7844], "size": [21, 32, 3], "uv": [225, 319]},
						{"origin": [-44, -105.96575, -3.2156], "size": [20, 31, 3], "uv": [309, 325]},
						{"origin": [-44, -125.96575, -2.2156], "size": [20, 22, 3], "uv": [354, 186]},
						{"origin": [-45, -126.96575, 13.7844], "size": [20, 22, 3], "uv": [348, 77]},
						{"origin": [-45, -125.96575, -0.2156], "size": [2, 21, 14], "uv": [355, 314]},
						{"origin": [-25, -125.96575, -0.2156], "size": [2, 21, 14], "uv": [155, 342]}
					]
				},
				{
					"name": "leftFoot",
					"parent": "leftLeg2",
					"pivot": [-36, -120.08729, 9.17359],
					"rotation": [-10, 0, 0],
					"cubes": [
						{"origin": [-45, -138.08729, -5.82641], "size": [21, 12, 26], "uv": [176, 176]},
						{"origin": [-47, -140.08729, -26.82641], "size": [6, 4, 13], "uv": [40, 358]},
						{"origin": [-40, -140.08729, -26.82641], "size": [9, 4, 13], "uv": [357, 56]},
						{"origin": [-30, -140.08729, -26.82641], "size": [8, 4, 13], "uv": [131, 215]},
						{"origin": [-47, -140.08729, -13.82641], "size": [25, 9, 34], "uv": [58, 75]}
					]
				}
			]
		}
	]
}