{
	"format_version": "1.10.0",
	"geometry.laptop": {
		"texturewidth": 64,
		"textureheight": 64,
		"visible_bounds_width": 2,
		"visible_bounds_height": 1,
		"visible_bounds_offset": [0, 0.5, 0],
		"bones": [
			{
				"name": "bottom",
				"pivot": [0, 24, 0],
				"cubes": [
					{"origin": [-5, 0, -5], "size": [10, 1, 9], "uv": [0, 0]}
				]
			},
			{
				"name": "top",
				"pivot": [0, 25, 5],
				"rotation": [-5, 0, 0],
				"cubes": [
					{"origin": [-5, 1, 6], "size": [10, 10, 1], "uv": [0, 10]}
				]
			}
		]
	}
}