{
	"format_version": "1.12.0",
	"minecraft:geometry": [
		{
			"description": {
				"identifier": "geometry.mangle",
				"texture_width": 512,
				"texture_height": 512,
				"visible_bounds_width": 6,
				"visible_bounds_height": 14,
				"visible_bounds_offset": [0, 0, 0]
			},
			"bones": [
				{
					"name": "mangle",
					"pivot": [-1, 40, 10]
				},
				{
					"name": "head",
					"parent": "mangle",
					"pivot": [-1, 162, 10]
				},
				{
					"name": "leftEar",
					"parent": "head",
					"pivot": [16, 180, 6],
					"rotation": [-5, 0, -45],
					"cubes": [
						{"origin": [-5, 205, 3], "size": [6, 2, 3], "uv": [108, 71]},
						{"origin": [-4.10173, 216.48488, 3.29529], "size": [5, 2, 3], "uv": [61, 56]},
						{"origin": [-6, 207, 3], "size": [1, 9, 3], "uv": [175, 0]},
						{"origin": [1, 207, 3], "size": [1, 9, 3], "uv": [150, 50]},
						{"origin": [-5, 207, 4], "size": [7, 10, 1], "uv": [0, 56]},
						{"origin": [-3, 198, 5], "size": [2, 12, 1], "uv": [130, 195]},
						{"origin": [8, 171, 7], "size": [2, 12, 1], "pivot": [16, 180, 6], "rotation": [0, 0, 95], "uv": [175, 12]}
					]
				},
				{
					"name": "rightEar",
					"parent": "head",
					"pivot": [4, 155, 6],
					"rotation": [-5, 0, 50],
					"cubes": [
						{"origin": [-17, 180, 3], "size": [7, 2, 3], "uv": [100, 84]},
						{"origin": [-16.36528, 192.03313, 3.73464], "size": [5, 2, 2], "uv": [0, 67]},
						{"origin": [-18, 182, 3], "size": [1, 9, 3], "uv": [59, 84]},
						{"origin": [-11, 182, 3], "size": [2, 9, 3], "uv": [0, 75]},
						{"origin": [-18, 182, 4], "size": [8, 10, 2], "uv": [0, 6]}
					]
				},
				{
					"name": "head2",
					"parent": "head",
					"pivot": [-1, 162, 10],
					"cubes": [
						{"origin": [-13, 162, 18], "size": [24, 17, 1], "uv": [158, 85]},
						{"origin": [-13, 162, -4], "size": [24, 7, 1], "uv": [211, 183]},
						{"origin": [-14, 162, -3], "size": [2, 17, 2], "uv": [18, 155]},
						{"origin": [-14, 162, 16], "size": [2, 17, 2], "uv": [18, 136]},
						{"origin": [10, 162, 16], "size": [2, 17, 2], "uv": [120, 107]},
						{"origin": [10, 162, -3], "size": [2, 17, 2], "uv": [112, 112]},
						{"origin": [12, 162, -1], "size": [5, 8, 11], "uv": [249, 157]},
						{"origin": [-19, 162, -1], "size": [5, 8, 11], "uv": [242, 194]},
						{"origin": [-15, 162, -2], "size": [4, 17, 19], "uv": [112, 71]},
						{"origin": [9, 162, -2], "size": [4, 17, 19], "uv": [112, 112]},
						{"origin": [8, 179, -2], "size": [4, 5, 19], "uv": [156, 29]},
						{"origin": [-12, 184, -1], "size": [22, 2, 17], "uv": [0, 56]},
						{"origin": [-14, 179, -2], "size": [4, 5, 18], "uv": [138, 159]},
						{"origin": [-12, 179, -3], "size": [22, 5, 2], "uv": [218, 150]},
						{"origin": [-12, 179, 16], "size": [22, 5, 2], "uv": [218, 131]},
						{"origin": [-12, 179, -3], "size": [22, 2, 2], "uv": [228, 58]},
						{"origin": [-12, 179, -2], "size": [2, 2, 1], "uv": [0, 40]},
						{"origin": [-22, 163, 0], "size": [4, 4, 8], "uv": [281, 178]},
						{"origin": [17, 163, 0], "size": [4, 4, 8], "uv": [40, 281]},
						{"origin": [-25, 165, 1], "size": [3, 2, 6], "uv": [138, 159]},
						{"origin": [21, 165, 1], "size": [3, 2, 6], "uv": [138, 148]},
						{"origin": [-21, 168, 1], "size": [2, 2, 6], "uv": [131, 31]},
						{"origin": [17, 168, 1], "size": [2, 2, 6], "uv": [61, 61]},
						{"origin": [-2, 169, -4], "size": [2, 7, 1], "uv": [72, 84]},
						{"origin": [-13, 176, -4], "size": [24, 3, 1], "uv": [221, 103]},
						{"origin": [8, 169, -4], "size": [3, 7, 1], "uv": [31, 75]},
						{"origin": [-13, 169, -4], "size": [3, 7, 1], "uv": [16, 75]},
						{"origin": [-7, 162, -22], "size": [12, 4, 18], "uv": [108, 49]},
						{"origin": [-8, 162, -18], "size": [1, 4, 14], "uv": [257, 96]},
						{"origin": [5, 162, -18], "size": [1, 4, 14], "uv": [0, 256]},
						{"origin": [-5, 166, -22], "size": [8, 1, 18], "uv": [140, 140]},
						{"origin": [-3, 159, -21], "size": [1, 3, 1], "uv": [131, 31]},
						{"origin": [0, 159, -21], "size": [1, 3, 1], "uv": [130, 0]},
						{"origin": [2, 159, -21], "size": [1, 3, 1], "uv": [128, 107]},
						{"origin": [3, 159, -19], "size": [1, 3, 1], "uv": [126, 71]},
						{"origin": [3, 159, -17], "size": [1, 3, 1], "uv": [126, 0]},
						{"origin": [4, 159, -15], "size": [1, 3, 1], "uv": [124, 126]},
						{"origin": [4, 159, -13], "size": [1, 3, 1], "uv": [120, 126]},
						{"origin": [4, 159, -11], "size": [1, 3, 1], "uv": [124, 84]},
						{"origin": [4, 159, -9], "size": [1, 3, 1], "uv": [122, 18]},
						{"origin": [4, 159, -7], "size": [1, 3, 1], "uv": [122, 14]},
						{"origin": [4, 159, -5], "size": [1, 3, 1], "uv": [122, 0]},
						{"origin": [-6, 159, -19], "size": [1, 3, 1], "uv": [120, 84]},
						{"origin": [-6, 159, -17], "size": [1, 3, 1], "uv": [120, 57]},
						{"origin": [-7, 159, -15], "size": [1, 3, 1], "uv": [120, 49]},
						{"origin": [-7, 159, -13], "size": [1, 3, 1], "uv": [120, 24]},
						{"origin": [-7, 159, -11], "size": [1, 3, 1], "uv": [118, 0]},
						{"origin": [-7, 159, -9], "size": [1, 3, 1], "uv": [116, 107]},
						{"origin": [-7, 159, -7], "size": [1, 3, 1], "uv": [116, 24]},
						{"origin": [-7, 159, -5], "size": [1, 3, 1], "uv": [114, 0]},
						{"origin": [-5, 159, -21], "size": [1, 3, 1], "uv": [112, 107]},
						{"origin": [-3, 167, -22], "size": [4, 1, 2], "uv": [44, 75]}
					]
				},
				{
					"name": "endo",
					"parent": "head",
					"pivot": [-1, 162, 13],
					"cubes": [
						{"origin": [-5, 160, -5], "size": [9, 1, 8], "uv": [272, 125]},
						{"origin": [-4, 159, -5], "size": [1, 1, 1], "uv": [12, 67]},
						{"origin": [-2.00761, 159, -4.82569], "size": [1, 1, 1], "uv": [61, 65]},
						{"origin": [-0.01522, 159, -4.65138], "size": [1, 1, 1], "uv": [63, 31]},
						{"origin": [1.97717, 159, -4.47707], "size": [1, 1, 1], "uv": [63, 25]},
						{"origin": [-5, 153, 3], "size": [9, 7, 3], "uv": [283, 134]},
						{"origin": [-9, 160, 3], "size": [17, 14, 4], "uv": [207, 157]},
						{"origin": [0, 169, -2], "size": [7, 6, 5], "uv": [281, 228]},
						{"origin": [-9, 169, -2], "size": [8, 6, 5], "uv": [169, 280]},
						{"origin": [0, 174, -3], "size": [7, 2, 7], "uv": [279, 219]},
						{"origin": [-8.99619, 174, -3.08716], "size": [7, 2, 7], "uv": [274, 169]}
					]
				},
				{
					"name": "jaw",
					"parent": "head",
					"pivot": [-1.26147, 161, 15.98858],
					"cubes": [
						{"origin": [-4, 154, -5], "size": [1, 1, 1], "uv": [67, 25]},
						{"origin": [-2, 154, -5], "size": [1, 1, 1], "uv": [59, 31]},
						{"origin": [0, 154, -5], "size": [1, 1, 1], "uv": [59, 25]},
						{"origin": [2, 154, -5], "size": [1, 1, 1], "uv": [59, 18]},
						{"origin": [-5, 153, -5], "size": [9, 1, 8], "uv": [273, 96]},
						{"origin": [-3.08716, 152, -21.00381], "size": [4, 2, 2], "uv": [61, 69]},
						{"origin": [-13.26147, 154, 8.98858], "size": [3, 3, 6], "uv": [108, 57]},
						{"origin": [7.73853, 154, 8.98858], "size": [3, 3, 6], "uv": [44, 78]},
						{"origin": [-13.26147, 152, 5.98858], "size": [3, 3, 6], "uv": [59, 14]},
						{"origin": [-11.26147, 151, 5.98858], "size": [20, 1, 6], "uv": [74, 50]},
						{"origin": [-11.26147, 152, 5.98858], "size": [20, 2, 9], "uv": [150, 53]},
						{"origin": [-11.26147, 154, 14.98858], "size": [20, 3, 2], "uv": [244, 91]},
						{"origin": [7.73853, 152, 5.98858], "size": [3, 3, 6], "uv": [0, 40]},
						{"origin": [6.73853, 150, -6.01142], "size": [3, 3, 14], "uv": [241, 12]},
						{"origin": [5.73853, 150, -12.01142], "size": [3, 3, 9], "uv": [52, 252]},
						{"origin": [3.73853, 150, -19.01142], "size": [3, 3, 9], "uv": [183, 36]},
						{"origin": [-7.26147, 151, -20.01142], "size": [12, 3, 4], "uv": [263, 194]},
						{"origin": [-7.26147, 153, -17.01142], "size": [1, 3, 1], "uv": [112, 24]},
						{"origin": [3.73853, 153, -17.01142], "size": [1, 3, 1], "uv": [110, 0]},
						{"origin": [-7.26147, 153, -15.01142], "size": [1, 3, 1], "uv": [108, 57]},
						{"origin": [-7.26147, 153, -13.01142], "size": [1, 3, 1], "uv": [106, 89]},
						{"origin": [-9.26147, 153, -5.01142], "size": [1, 3, 1], "uv": [103, 92]},
						{"origin": [-8.26147, 153, -7.01142], "size": [1, 3, 1], "uv": [100, 89]},
						{"origin": [-8.26147, 153, -9.01142], "size": [1, 3, 1], "uv": [91, 88]},
						{"origin": [5.73853, 153, -9.01142], "size": [1, 3, 1], "uv": [90, 84]},
						{"origin": [4.73853, 153, -13.01142], "size": [1, 3, 1], "uv": [87, 87]},
						{"origin": [4.73853, 153, -15.01142], "size": [1, 3, 1], "uv": [44, 78]},
						{"origin": [-8.26147, 153, -11.01142], "size": [1, 3, 1], "uv": [75, 23]},
						{"origin": [-9.26147, 153, -3.01142], "size": [1, 3, 1], "uv": [73, 69]},
						{"origin": [5.73853, 153, -11.01142], "size": [1, 3, 1], "uv": [71, 61]},
						{"origin": [5.73853, 153, -7.01142], "size": [1, 3, 1], "uv": [61, 61]},
						{"origin": [6.73853, 153, -5.01142], "size": [1, 3, 1], "uv": [59, 14]},
						{"origin": [6.73853, 153, -3.01142], "size": [1, 3, 1], "uv": [17, 48]},
						{"origin": [-5.26147, 154, -17.01142], "size": [1, 2, 1], "uv": [74, 64]},
						{"origin": [-3.26147, 154, -17.01142], "size": [1, 2, 1], "uv": [73, 49]},
						{"origin": [-0.26147, 154, -17.01142], "size": [1, 2, 1], "uv": [13, 70]},
						{"origin": [1.73853, 154, -17.01142], "size": [1, 2, 1], "uv": [0, 43]},
						{"origin": [-7.26147, 150, -19.01142], "size": [12, 1, 9], "uv": [221, 107]},
						{"origin": [-8.26147, 150, -10.01142], "size": [14, 1, 7], "uv": [240, 117]},
						{"origin": [-9.26147, 150, -3.01142], "size": [16, 1, 11], "uv": [164, 164]},
						{"origin": [-9.26147, 150, -19.01142], "size": [3, 3, 9], "uv": [72, 84]},
						{"origin": [-11.26147, 150, -12.01142], "size": [3, 3, 9], "uv": [16, 75]},
						{"origin": [-12.26147, 150, -6.01142], "size": [3, 3, 14], "uv": [112, 14]}
					]
				},
				{
					"name": "body",
					"parent": "mangle",
					"pivot": [-1, 40, 10]
				},
				{
					"name": "body2",
					"parent": "body",
					"pivot": [-1, 40, 10],
					"cubes": [
						{"origin": [-22, 145, 4], "size": [15, 2, 10], "uv": [201, 207]},
						{"origin": [-31, 144, 4], "size": [10, 3, 11], "uv": [189, 219]},
						{"origin": [21, 144, 4], "size": [10, 3, 11], "uv": [211, 191]},
						{"origin": [-30, 146, 5], "size": [9, 3, 9], "uv": [254, 233]},
						{"origin": [21, 146, 5], "size": [9, 3, 9], "uv": [254, 182]},
						{"origin": [0, 123, 13], "size": [13, 23, 3], "uv": [213, 0]},
						{"origin": [-21, 141, 13], "size": [41, 5, 3], "uv": [59, 6]},
						{"origin": [-15, 123, 13], "size": [15, 23, 3], "uv": [208, 71]},
						{"origin": [-12, 101, 13], "size": [11, 22, 2], "uv": [261, 0]},
						{"origin": [-1, 101, 12], "size": [12, 22, 3], "uv": [79, 226]},
						{"origin": [-18, 138, 2], "size": [36, 8, 2], "uv": [59, 39]},
						{"origin": [-18, 136, 1], "size": [20, 5, 2], "uv": [237, 219]},
						{"origin": [2, 136, 1], "size": [14, 5, 2], "uv": [168, 64]},
						{"origin": [-18, 133, 0], "size": [24, 5, 2], "uv": [211, 176]},
						{"origin": [-9, 132, 0], "size": [5, 1, 2], "uv": [59, 49]},
						{"origin": [-9, 130, 0], "size": [2, 3, 2], "uv": [71, 14]},
						{"origin": [-17, 126, -1], "size": [8, 7, 2], "uv": [0, 31]},
						{"origin": [4, 125, -1], "size": [12, 7, 2], "uv": [141, 279]},
						{"origin": [-15, 121, -1], "size": [8, 7, 2], "uv": [0, 18]},
						{"origin": [-7, 121, -1], "size": [22, 4, 2], "uv": [208, 97]},
						{"origin": [-9, 125, -1], "size": [13, 8, 2], "uv": [207, 275]},
						{"origin": [4, 128, -1], "size": [2, 3, 2], "uv": [12, 40]},
						{"origin": [5, 132, 0], "size": [12, 6, 3], "uv": [275, 114]},
						{"origin": [-11, 102, -1], "size": [12, 19, 2], "uv": [263, 263]},
						{"origin": [1, 102, -1], "size": [10, 19, 2], "uv": [270, 147]},
						{"origin": [5, 145, 4], "size": [15, 2, 10], "uv": [204, 138]},
						{"origin": [12, 121, 1], "size": [3, 21, 13], "uv": [5, 179]},
						{"origin": [-16, 122, 1], "size": [4, 14, 13], "uv": [155, 205]},
						{"origin": [-16, 103, 1], "size": [5, 8, 13], "uv": [130, 219]},
						{"origin": [-14, 111, 1], "size": [3, 18, 13], "uv": [37, 187]},
						{"origin": [11, 103, 1], "size": [5, 8, 13], "uv": [18, 218]},
						{"origin": [11, 111, 1], "size": [3, 10, 13], "uv": [218, 220]}
					]
				},
				{
					"name": "hips",
					"parent": "body2",
					"pivot": [-1, 40, 10],
					"cubes": [
						{"origin": [-17, 95, -1], "size": [32, 5, 2], "uv": [139, 71]},
						{"origin": [-16, 92, 0], "size": [30, 4, 3], "uv": [139, 107]},
						{"origin": [-7, 89, 1], "size": [12, 3, 14], "uv": [139, 114]},
						{"origin": [-15, 92, 13], "size": [27, 4, 3], "uv": [158, 131]},
						{"origin": [-20, 97, 1], "size": [8, 5, 14], "uv": [191, 103]},
						{"origin": [11, 97, 1], "size": [8, 5, 14], "uv": [174, 138]},
						{"origin": [-17, 95, 15], "size": [31, 5, 2], "uv": [139, 78]}
					]
				},
				{
					"name": "endoBody",
					"parent": "body",
					"pivot": [-1, 40, 10],
					"cubes": [
						{"origin": [-4, 98, 7], "size": [6, 53, 3], "uv": [0, 136]},
						{"origin": [-26, 142, 7], "size": [52, 3, 3], "uv": [0, 0]}
					]
				},
				{
					"name": "leftArm",
					"parent": "mangle",
					"pivot": [-26, 142, 10],
					"rotation": [0, 0, 10],
					"cubes": [
						{"origin": [-31, 120, 3], "size": [8, 23, 2], "uv": [101, 269]},
						{"origin": [-33, 120, 5], "size": [2, 23, 9], "uv": [201, 234]},
						{"origin": [-23, 120, 5], "size": [2, 23, 9], "uv": [179, 233]},
						{"origin": [-32, 120, 14], "size": [10, 24, 2], "uv": [77, 251]}
					]
				},
				{
					"name": "leftArm2",
					"parent": "leftArm",
					"pivot": [-27.3473, 116.96962, 10],
					"rotation": [0, 0, 10],
					"cubes": [
						{"origin": [-31.68742, 98.91611, 5], "size": [2, 22, 9], "pivot": [-27.3473, 116.96962, 10], "rotation": [0, 0, -20], "uv": [18, 239]},
						{"origin": [-23.68742, 98.91611, 5], "size": [2, 22, 9], "pivot": [-27.3473, 116.96962, 10], "rotation": [0, 0, -20], "uv": [109, 238]},
						{"origin": [-30.68742, 98.91611, 13], "size": [8, 22, 2], "pivot": [-27.3473, 116.96962, 10], "rotation": [0, 0, -20], "uv": [0, 274]},
						{"origin": [-30.68742, 98.91611, 4], "size": [8, 22, 2], "pivot": [-27.3473, 116.96962, 10], "rotation": [0, 0, -20], "uv": [240, 271]},
						{"origin": [-25.02416, 114.0671, 8], "size": [3, 21, 4], "pivot": [27, 117, 10], "rotation": [0, 0, -20], "uv": [80, 277]}
					]
				},
				{
					"name": "leftHand",
					"parent": "leftArm",
					"pivot": [-21.54286, 96.7426, 8],
					"rotation": [0, 180, -30],
					"cubes": [
						{"origin": [-21.08306, 87.25335, 1], "size": [3, 9, 11], "pivot": [-21.54286, 96.7426, 8], "rotation": [0, 0, -20], "uv": [255, 127]},
						{"origin": [-21.08306, 80.25335, 1], "size": [2, 7, 3], "pivot": [-21.54286, 96.7426, 8], "rotation": [0, 0, -20], "uv": [41, 218]},
						{"origin": [-21.08306, 80.25335, 1], "size": [2, 7, 3], "pivot": [-21.54286, 96.7426, 8], "rotation": [0, 0, -20], "uv": [189, 217]},
						{"origin": [-13.07734, 75.67063, 1], "size": [2, 7, 3], "pivot": [-21.54286, 96.7426, 8], "rotation": [0, 0, 10], "uv": [130, 215]},
						{"origin": [-13.07734, 75.67063, 5], "size": [2, 7, 3], "pivot": [-21.54286, 96.7426, 8], "rotation": [0, 0, 10], "uv": [18, 213]},
						{"origin": [-13.07734, 75.67063, 9], "size": [2, 7, 3], "pivot": [-21.54286, 96.7426, 8], "rotation": [0, 0, 10], "uv": [211, 191]},
						{"origin": [-22.2455, 82.24449, 8.09392], "size": [2, 7, 3], "pivot": [-21.54286, 96.7426, 8], "rotation": [25, 15, -20], "uv": [204, 138]},
						{"origin": [-13.28508, 79.68126, 5.00779], "size": [2, 7, 3], "pivot": [-21.54286, 96.7426, 8], "rotation": [25, -30, 0], "uv": [69, 199]},
						{"origin": [-21.08306, 80.25335, 5], "size": [2, 7, 3], "pivot": [-21.54286, 96.7426, 8], "rotation": [0, 0, -20], "uv": [168, 192]},
						{"origin": [-21.08306, 80.25335, 9], "size": [2, 7, 3], "pivot": [-21.54286, 96.7426, 8], "rotation": [0, 0, -20], "uv": [37, 185]}
					]
				},
				{
					"name": "rightArm",
					"parent": "mangle",
					"pivot": [26, 144, 10],
					"rotation": [0, 0, -10],
					"cubes": [
						{"origin": [21, 120, 4], "size": [8, 23, 2], "uv": [266, 66]},
						{"origin": [19, 120, 5], "size": [2, 23, 9], "uv": [157, 232]},
						{"origin": [29, 120, 5], "size": [2, 23, 9], "uv": [228, 26]},
						{"origin": [20, 120, 13], "size": [10, 24, 2], "uv": [250, 29]}
					]
				},
				{
					"name": "rightArm2",
					"parent": "rightArm",
					"pivot": [25, 119, 10],
					"rotation": [0, 0, 30],
					"cubes": [
						{"origin": [22.97584, 97.0671, 6], "size": [3, 21, 4], "pivot": [25, 119, 10], "rotation": [0, 0, -20], "uv": [121, 276]},
						{"origin": [19.97584, 99.0671, 5], "size": [2, 20, 9], "pivot": [25, 119, 10], "rotation": [0, 0, -20], "uv": [244, 62]},
						{"origin": [27.97584, 99.0671, 5], "size": [2, 21, 9], "pivot": [25, 119, 10], "rotation": [0, 0, -20], "uv": [241, 241]},
						{"origin": [20.97584, 99.0671, 13], "size": [8, 21, 2], "pivot": [25, 119, 10], "rotation": [0, 0, -20], "uv": [274, 27]},
						{"origin": [20.97584, 99.0671, 4], "size": [8, 21, 2], "pivot": [25, 119, 10], "rotation": [0, 0, -20], "uv": [20, 274]}
					]
				},
				{
					"name": "rightHand",
					"parent": "rightArm2",
					"pivot": [30, 98, 10],
					"cubes": [
						{"origin": [30.4598, 88.51075, 3], "size": [3, 9, 11], "pivot": [30, 98, 10], "rotation": [0, 0, -20], "uv": [212, 255]},
						{"origin": [30.4598, 81.51075, 3], "size": [2, 7, 3], "pivot": [30, 98, 10], "rotation": [0, 0, -20], "uv": [168, 182]},
						{"origin": [30.4598, 81.51075, 3], "size": [2, 7, 3], "pivot": [30, 98, 10], "rotation": [0, 0, -20], "uv": [177, 114]},
						{"origin": [38.46552, 76.92803, 3], "size": [2, 7, 3], "pivot": [30, 98, 10], "rotation": [0, 0, 10], "uv": [174, 138]},
						{"origin": [38.46552, 76.92803, 7], "size": [2, 7, 3], "pivot": [30, 98, 10], "rotation": [0, 0, 10], "uv": [138, 167]},
						{"origin": [38.46552, 76.92803, 11], "size": [2, 7, 3], "pivot": [30, 98, 10], "rotation": [0, 0, 10], "uv": [164, 164]},
						{"origin": [31.53887, 82.69161, 7.69324], "size": [2, 7, 3], "pivot": [30, 98, 10], "rotation": [-40, 15, -20], "uv": [139, 114]},
						{"origin": [37.2389, 79.40499, 8.52154], "size": [2, 7, 3], "pivot": [30, 98, 10], "rotation": [-35, 30, 5], "uv": [135, 39]},
						{"origin": [30.4598, 81.51075, 7], "size": [2, 7, 3], "pivot": [30, 98, 10], "rotation": [0, 0, -20], "uv": [132, 14]},
						{"origin": [30.4598, 81.51075, 11], "size": [2, 7, 3], "pivot": [30, 98, 10], "rotation": [0, 0, -20], "uv": [112, 14]}
					]
				},
				{
					"name": "rightLeg",
					"parent": "mangle",
					"pivot": [12, 91, 8],
					"rotation": [-10, 0, 0],
					"cubes": [
						{"origin": [4, 44, 2], "size": [2, 46, 12], "uv": [84, 84]},
						{"origin": [18, 44, 2], "size": [2, 47, 12], "uv": [56, 84]},
						{"origin": [6, 44, 0], "size": [12, 46, 2], "uv": [147, 0]},
						{"origin": [6, 45.43107, 13.78731], "size": [12, 45, 2], "uv": [110, 148]},
						{"origin": [10, 43, 7], "size": [3, 53, 3], "uv": [68, 143]}
					]
				},
				{
					"name": "rightLeg2",
					"parent": "rightLeg",
					"pivot": [-1, 40, 10],
					"rotation": [25, 0, 0],
					"cubes": [
						{"origin": [10, 6, 7], "size": [3, 37, 3], "uv": [131, 240]},
						{"origin": [5, 10, 5], "size": [14, 35, 1], "uv": [183, 0]},
						{"origin": [5, 9.67063, 13.69333], "size": [14, 33, 1], "uv": [80, 192]},
						{"origin": [18, 9.92945, 5.72741], "size": [1, 34, 8], "uv": [0, 213]},
						{"origin": [5, 9.92945, 5.72741], "size": [1, 34, 8], "uv": [61, 210]}
					]
				},
				{
					"name": "rightFoot",
					"parent": "rightLeg2",
					"pivot": [11, 6, 10],
					"rotation": [-15, 0, 0],
					"cubes": [
						{"origin": [2, -0.82963, -16.7059], "size": [5, 4, 11], "uv": [52, 266]},
						{"origin": [9, -0.82963, -16.7059], "size": [5, 4, 11], "uv": [263, 245]},
						{"origin": [16, -0.82963, -16.7059], "size": [5, 4, 11], "uv": [263, 202]},
						{"origin": [2, -0.82963, -5.7059], "size": [19, 4, 21], "uv": [0, 31]},
						{"origin": [4, 2.17037, -3.7059], "size": [16, 6, 19], "uv": [61, 14]}
					]
				},
				{
					"name": "leftLeg",
					"parent": "mangle",
					"pivot": [-13, 91, 9],
					"rotation": [-10, 0, 0],
					"cubes": [
						{"origin": [-21, 43, 2], "size": [2, 49, 12], "uv": [0, 75]},
						{"origin": [-19, 43, 0], "size": [13, 48, 2], "uv": [26, 135]},
						{"origin": [-19, 44, 14], "size": [12, 48, 2], "uv": [82, 142]},
						{"origin": [-7, 43, 2], "size": [2, 48, 12], "uv": [28, 75]},
						{"origin": [-15, 42, 7], "size": [3, 54, 3], "uv": [56, 143]}
					]
				},
				{
					"name": "leftLeg2",
					"parent": "leftLeg",
					"pivot": [-26, 40, 10],
					"rotation": [25, 0, 0],
					"cubes": [
						{"origin": [-15, 6, 7], "size": [3, 37, 3], "uv": [40, 239]},
						{"origin": [-20, 9, 5], "size": [14, 35, 1], "uv": [138, 182]},
						{"origin": [-20, 8.67063, 13.69333], "size": [14, 35, 1], "uv": [181, 181]},
						{"origin": [-20, 8.92945, 5.72741], "size": [2, 35, 8], "uv": [208, 28]},
						{"origin": [-8, 8.92945, 5.72741], "size": [2, 35, 8], "uv": [110, 195]}
					]
				},
				{
					"name": "leftFoot",
					"parent": "leftLeg2",
					"pivot": [-15, 11, 5],
					"rotation": [-15, 0, 0],
					"cubes": [
						{"origin": [-21, 3, -4], "size": [15, 6, 20], "uv": [58, 58]},
						{"origin": [-23, 0, -5], "size": [19, 4, 21], "uv": [0, 6]},
						{"origin": [-23, 0, -16], "size": [5, 4, 11], "uv": [265, 51]},
						{"origin": [-16, 0, -16], "size": [5, 4, 11], "uv": [175, 265]},
						{"origin": [-9, 0, -16], "size": [5, 4, 11], "uv": [143, 264]}
					]
				}
			]
		}
	]
}