{
	"format_version": "1.12.0",
	"minecraft:geometry": [
		{
			"description": {
				"identifier": "geometry.mangle2_stand",
				"texture_width": 512,
				"texture_height": 512,
				"visible_bounds_width": 11,
				"visible_bounds_height": 14,
				"visible_bounds_offset": [0, 0, 0]
			},
			"bones": [
				{
					"name": "mangle",
					"pivot": [-1, -43, 10]
				},
				{
					"name": "head",
					"parent": "mangle",
					"pivot": [-1, 79, 10],
					"rotation": [25, 0, 0]
				},
				{
					"name": "leftEar",
					"parent": "head",
					"pivot": [16, 97, 6],
					"rotation": [-5, 0, -45],
					"cubes": [
						{"origin": [-5, 122, 3], "size": [6, 2, 3], "uv": [108, 71]},
						{"origin": [-4.10173, 133.48488, 3.29529], "size": [5, 2, 3], "uv": [61, 56]},
						{"origin": [-6, 124, 3], "size": [1, 9, 3], "uv": [175, 0]},
						{"origin": [1, 124, 3], "size": [1, 9, 3], "uv": [150, 50]},
						{"origin": [-5, 124, 4], "size": [7, 10, 1], "uv": [0, 56]},
						{"origin": [-3, 115, 5], "size": [2, 12, 1], "uv": [130, 195]},
						{"origin": [8, 88, 7], "size": [2, 12, 1], "pivot": [16, 97, 6], "rotation": [0, 0, 95], "uv": [175, 12]}
					]
				},
				{
					"name": "rightEar",
					"parent": "head",
					"pivot": [4, 72, 6],
					"rotation": [-5, 0, 50],
					"cubes": [
						{"origin": [-17, 97, 3], "size": [7, 2, 3], "uv": [100, 84]}
					]
				},
				{
					"name": "head2",
					"parent": "head",
					"pivot": [-1, 79, 10],
					"cubes": [
						{"origin": [-13, 79, 18], "size": [24, 17, 1], "uv": [158, 85]},
						{"origin": [-13, 79, -4], "size": [24, 7, 1], "uv": [211, 183]},
						{"origin": [-14, 79, -3], "size": [2, 17, 2], "uv": [18, 155]},
						{"origin": [-14, 79, 16], "size": [2, 17, 2], "uv": [18, 136]},
						{"origin": [10, 79, 16], "size": [2, 17, 2], "uv": [120, 107]},
						{"origin": [10, 79, -3], "size": [2, 17, 2], "uv": [112, 112]},
						{"origin": [12, 79, -1], "size": [5, 8, 11], "uv": [249, 157]},
						{"origin": [-19, 79, -1], "size": [5, 8, 11], "uv": [242, 194]},
						{"origin": [-15, 79, -2], "size": [4, 17, 19], "uv": [112, 71]},
						{"origin": [9, 79, -2], "size": [4, 17, 19], "uv": [112, 112]},
						{"origin": [8, 96, -2], "size": [4, 5, 19], "uv": [156, 29]},
						{"origin": [-12, 101, -1], "size": [22, 2, 17], "uv": [0, 56]},
						{"origin": [-14, 96, -2], "size": [4, 5, 18], "uv": [138, 159]},
						{"origin": [-12, 96, -3], "size": [22, 5, 2], "uv": [218, 150]},
						{"origin": [-12, 96, 16], "size": [22, 5, 2], "uv": [218, 131]},
						{"origin": [-12, 96, -3], "size": [22, 2, 2], "uv": [228, 58]},
						{"origin": [-12, 96, -2], "size": [2, 2, 1], "uv": [0, 40]},
						{"origin": [-22, 80, 0], "size": [4, 4, 8], "uv": [281, 178]},
						{"origin": [17, 80, 0], "size": [4, 4, 8], "uv": [40, 281]},
						{"origin": [-25, 82, 1], "size": [3, 2, 6], "uv": [138, 159]},
						{"origin": [21, 82, 1], "size": [3, 2, 6], "uv": [138, 148]},
						{"origin": [-21, 85, 1], "size": [2, 2, 6], "uv": [131, 31]},
						{"origin": [17, 85, 1], "size": [2, 2, 6], "uv": [61, 61]},
						{"origin": [-2, 86, -4], "size": [2, 7, 1], "uv": [72, 84]},
						{"origin": [-13, 93, -4], "size": [24, 3, 1], "uv": [221, 103]},
						{"origin": [8, 86, -4], "size": [3, 7, 1], "uv": [31, 75]},
						{"origin": [-13, 86, -4], "size": [3, 7, 1], "uv": [16, 75]},
						{"origin": [-7, 79, -22], "size": [12, 4, 18], "uv": [108, 49]},
						{"origin": [-8, 79, -18], "size": [1, 4, 14], "uv": [257, 96]},
						{"origin": [5, 79, -18], "size": [1, 4, 14], "uv": [0, 256]},
						{"origin": [-5, 83, -22], "size": [8, 1, 18], "uv": [140, 140]},
						{"origin": [-3, 76, -21], "size": [1, 3, 1], "uv": [131, 31]},
						{"origin": [0, 76, -21], "size": [1, 3, 1], "uv": [130, 0]},
						{"origin": [2, 76, -21], "size": [1, 3, 1], "uv": [128, 107]},
						{"origin": [3, 76, -19], "size": [1, 3, 1], "uv": [126, 71]},
						{"origin": [3, 76, -17], "size": [1, 3, 1], "uv": [126, 0]},
						{"origin": [4, 76, -15], "size": [1, 3, 1], "uv": [124, 126]},
						{"origin": [4, 76, -13], "size": [1, 3, 1], "uv": [120, 126]},
						{"origin": [4, 76, -11], "size": [1, 3, 1], "uv": [124, 84]},
						{"origin": [4, 76, -9], "size": [1, 3, 1], "uv": [122, 18]},
						{"origin": [4, 76, -7], "size": [1, 3, 1], "uv": [122, 14]},
						{"origin": [4, 76, -5], "size": [1, 3, 1], "uv": [122, 0]},
						{"origin": [-6, 76, -19], "size": [1, 3, 1], "uv": [120, 84]},
						{"origin": [-6, 76, -17], "size": [1, 3, 1], "uv": [120, 57]},
						{"origin": [-7, 76, -15], "size": [1, 3, 1], "uv": [120, 49]},
						{"origin": [-7, 76, -13], "size": [1, 3, 1], "uv": [120, 24]},
						{"origin": [-7, 76, -11], "size": [1, 3, 1], "uv": [118, 0]},
						{"origin": [-7, 76, -9], "size": [1, 3, 1], "uv": [116, 107]},
						{"origin": [-7, 76, -7], "size": [1, 3, 1], "uv": [116, 24]},
						{"origin": [-7, 76, -5], "size": [1, 3, 1], "uv": [114, 0]},
						{"origin": [-5, 76, -21], "size": [1, 3, 1], "uv": [112, 107]},
						{"origin": [-3, 84, -22], "size": [4, 1, 2], "uv": [44, 75]}
					]
				},
				{
					"name": "endo",
					"parent": "head",
					"pivot": [-1, 79, 13],
					"cubes": [
						{"origin": [-5, 77, -5], "size": [9, 1, 8], "uv": [272, 125]},
						{"origin": [-4, 76, -5], "size": [1, 1, 1], "uv": [12, 67]},
						{"origin": [-2.00761, 76, -4.82569], "size": [1, 1, 1], "uv": [61, 65]},
						{"origin": [-0.01522, 76, -4.65138], "size": [1, 1, 1], "uv": [63, 31]},
						{"origin": [1.97717, 76, -4.47707], "size": [1, 1, 1], "uv": [63, 25]},
						{"origin": [-5, 70, 3], "size": [9, 7, 3], "uv": [283, 134]},
						{"origin": [-9, 77, 3], "size": [17, 14, 4], "uv": [207, 157]},
						{"origin": [0, 86, -2], "size": [7, 6, 5], "uv": [281, 228]},
						{"origin": [-9, 86, -2], "size": [8, 6, 5], "uv": [169, 280]},
						{"origin": [0, 91, -3], "size": [7, 2, 7], "uv": [279, 219]},
						{"origin": [-8.99619, 91, -3.08716], "size": [7, 2, 7], "uv": [274, 169]}
					]
				},
				{
					"name": "jaw",
					"parent": "head",
					"pivot": [-1.26147, 81.0194, 11.87966],
					"rotation": [20, 0, 0],
					"cubes": [
						{"origin": [-4, 74.0194, -9.10892], "size": [1, 1, 1], "uv": [67, 25]},
						{"origin": [-2, 74.0194, -9.10892], "size": [1, 1, 1], "uv": [59, 31]},
						{"origin": [0, 74.0194, -9.10892], "size": [1, 1, 1], "uv": [59, 25]},
						{"origin": [2, 74.0194, -9.10892], "size": [1, 1, 1], "uv": [59, 18]},
						{"origin": [-5, 73.0194, -9.10892], "size": [9, 1, 8], "uv": [273, 96]},
						{"origin": [-3.08716, 72.0194, -25.11273], "size": [4, 2, 2], "uv": [61, 69]},
						{"origin": [-13.26147, 74.0194, 4.87966], "size": [3, 3, 6], "uv": [108, 57]},
						{"origin": [7.73853, 74.0194, 4.87966], "size": [3, 3, 6], "uv": [44, 78]},
						{"origin": [-13.26147, 72.0194, 1.87966], "size": [3, 3, 6], "uv": [59, 14]},
						{"origin": [-11.26147, 71.0194, 1.87966], "size": [20, 1, 6], "uv": [74, 50]},
						{"origin": [-11.26147, 72.0194, 1.87966], "size": [20, 2, 9], "uv": [150, 53]},
						{"origin": [-11.26147, 74.0194, 10.87966], "size": [20, 3, 2], "uv": [244, 91]},
						{"origin": [7.73853, 72.0194, 1.87966], "size": [3, 3, 6], "uv": [0, 40]},
						{"origin": [6.73853, 70.0194, -10.12034], "size": [3, 3, 14], "uv": [241, 12]},
						{"origin": [5.73853, 70.0194, -16.12034], "size": [3, 3, 9], "uv": [52, 252]},
						{"origin": [3.73853, 70.0194, -23.12034], "size": [3, 3, 9], "uv": [183, 36]},
						{"origin": [-7.26147, 71.0194, -24.12034], "size": [12, 3, 4], "uv": [263, 194]},
						{"origin": [-7.26147, 73.0194, -21.12034], "size": [1, 3, 1], "uv": [112, 24]},
						{"origin": [3.73853, 73.0194, -21.12034], "size": [1, 3, 1], "uv": [110, 0]},
						{"origin": [-7.26147, 73.0194, -19.12034], "size": [1, 3, 1], "uv": [108, 57]},
						{"origin": [-7.26147, 73.0194, -17.12034], "size": [1, 3, 1], "uv": [106, 89]},
						{"origin": [-9.26147, 73.0194, -9.12034], "size": [1, 3, 1], "uv": [103, 92]},
						{"origin": [-8.26147, 73.0194, -11.12034], "size": [1, 3, 1], "uv": [100, 89]},
						{"origin": [-8.26147, 73.0194, -13.12034], "size": [1, 3, 1], "uv": [91, 88]},
						{"origin": [5.73853, 73.0194, -13.12034], "size": [1, 3, 1], "uv": [90, 84]},
						{"origin": [4.73853, 73.0194, -17.12034], "size": [1, 3, 1], "uv": [87, 87]},
						{"origin": [4.73853, 73.0194, -19.12034], "size": [1, 3, 1], "uv": [44, 78]},
						{"origin": [-8.26147, 73.0194, -15.12034], "size": [1, 3, 1], "uv": [75, 23]},
						{"origin": [-9.26147, 73.0194, -7.12034], "size": [1, 3, 1], "uv": [73, 69]},
						{"origin": [5.73853, 73.0194, -15.12034], "size": [1, 3, 1], "uv": [71, 61]},
						{"origin": [5.73853, 73.0194, -11.12034], "size": [1, 3, 1], "uv": [61, 61]},
						{"origin": [6.73853, 73.0194, -9.12034], "size": [1, 3, 1], "uv": [59, 14]},
						{"origin": [6.73853, 73.0194, -7.12034], "size": [1, 3, 1], "uv": [17, 48]},
						{"origin": [-5.26147, 74.0194, -21.12034], "size": [1, 2, 1], "uv": [74, 64]},
						{"origin": [-3.26147, 74.0194, -21.12034], "size": [1, 2, 1], "uv": [73, 49]},
						{"origin": [-0.26147, 74.0194, -21.12034], "size": [1, 2, 1], "uv": [13, 70]},
						{"origin": [1.73853, 74.0194, -21.12034], "size": [1, 2, 1], "uv": [0, 43]},
						{"origin": [-7.26147, 70.0194, -23.12034], "size": [12, 1, 9], "uv": [221, 107]},
						{"origin": [-8.26147, 70.0194, -14.12034], "size": [14, 1, 7], "uv": [240, 117]},
						{"origin": [-9.26147, 70.0194, -7.12034], "size": [16, 1, 11], "uv": [164, 164]},
						{"origin": [-9.26147, 70.0194, -23.12034], "size": [3, 3, 9], "uv": [72, 84]},
						{"origin": [-11.26147, 70.0194, -16.12034], "size": [3, 3, 9], "uv": [16, 75]},
						{"origin": [-12.26147, 70.0194, -10.12034], "size": [3, 3, 14], "uv": [112, 14]}
					]
				},
				{
					"name": "body",
					"parent": "mangle",
					"pivot": [-1, -43, 10]
				},
				{
					"name": "body2",
					"parent": "body",
					"pivot": [-1, -43, 10],
					"cubes": [
						{"origin": [-22, 62, 4], "size": [15, 2, 10], "uv": [201, 207]},
						{"origin": [-31, 61, 4], "size": [10, 3, 11], "uv": [189, 219]},
						{"origin": [21, 61, 4], "size": [10, 3, 11], "uv": [211, 191]},
						{"origin": [-30, 63, 5], "size": [9, 3, 9], "uv": [254, 233]},
						{"origin": [21, 63, 5], "size": [9, 3, 9], "uv": [254, 182]},
						{"origin": [0, 40, 13], "size": [13, 23, 3], "uv": [213, 0]},
						{"origin": [-21, 58, 13], "size": [41, 5, 3], "uv": [59, 6]},
						{"origin": [-15, 40, 13], "size": [15, 23, 3], "uv": [208, 71]},
						{"origin": [-12, 18, 13], "size": [11, 22, 2], "uv": [261, 0]},
						{"origin": [-1, 18, 12], "size": [12, 22, 3], "uv": [79, 226]},
						{"origin": [-18, 55, 2], "size": [36, 8, 2], "uv": [59, 39]},
						{"origin": [-18, 53, 1], "size": [20, 5, 2], "uv": [237, 219]},
						{"origin": [2, 53, 1], "size": [14, 5, 2], "uv": [168, 64]},
						{"origin": [-18, 50, 0], "size": [24, 5, 2], "uv": [211, 176]},
						{"origin": [-9, 49, 0], "size": [5, 1, 2], "uv": [59, 49]},
						{"origin": [-9, 47, 0], "size": [2, 3, 2], "uv": [71, 14]},
						{"origin": [-17, 43, -1], "size": [8, 7, 2], "uv": [0, 31]},
						{"origin": [4, 42, -1], "size": [12, 7, 2], "uv": [141, 279]},
						{"origin": [-15, 38, -1], "size": [8, 7, 2], "uv": [0, 18]},
						{"origin": [-7, 38, -1], "size": [22, 4, 2], "uv": [208, 97]},
						{"origin": [-9, 42, -1], "size": [13, 8, 2], "uv": [207, 275]},
						{"origin": [4, 45, -1], "size": [2, 3, 2], "uv": [12, 40]},
						{"origin": [5, 49, 0], "size": [12, 6, 3], "uv": [275, 114]},
						{"origin": [-11, 19, -1], "size": [12, 19, 2], "uv": [263, 263]},
						{"origin": [1, 19, -1], "size": [10, 19, 2], "uv": [270, 147]},
						{"origin": [5, 62, 4], "size": [15, 2, 10], "uv": [204, 138]},
						{"origin": [12, 38, 1], "size": [3, 21, 13], "uv": [5, 179]},
						{"origin": [-16, 39, 1], "size": [4, 14, 13], "uv": [155, 205]},
						{"origin": [-16, 20, 1], "size": [5, 8, 13], "uv": [130, 219]},
						{"origin": [-14, 28, 1], "size": [3, 18, 13], "uv": [37, 187]},
						{"origin": [11, 20, 1], "size": [5, 8, 13], "uv": [18, 218]},
						{"origin": [11, 28, 1], "size": [3, 10, 13], "uv": [218, 220]}
					]
				},
				{
					"name": "hips",
					"parent": "body2",
					"pivot": [-1, -43, 10],
					"cubes": [
						{"origin": [-17, 12, -1], "size": [32, 5, 2], "uv": [139, 71]},
						{"origin": [-16, 9, 0], "size": [30, 4, 3], "uv": [139, 107]},
						{"origin": [-7, 6, 1], "size": [12, 3, 14], "uv": [139, 114]},
						{"origin": [-15, 9, 13], "size": [27, 4, 3], "uv": [158, 131]},
						{"origin": [-20, 14, 1], "size": [8, 5, 14], "uv": [191, 103]},
						{"origin": [11, 14, 1], "size": [8, 5, 14], "uv": [174, 138]},
						{"origin": [-17, 12, 15], "size": [31, 5, 2], "uv": [139, 78]}
					]
				},
				{
					"name": "endoBody",
					"parent": "body",
					"pivot": [-1, -43, 10],
					"cubes": [
						{"origin": [-4, 15, 7], "size": [6, 53, 3], "uv": [0, 136]},
						{"origin": [-26, 59, 7], "size": [52, 3, 3], "uv": [0, 0]}
					]
				},
				{
					"name": "leftArm",
					"parent": "mangle",
					"pivot": [-26, 59, 10],
					"rotation": [-35, 0, 5],
					"cubes": [
						{"origin": [-31, 37, 3], "size": [8, 23, 2], "uv": [101, 269]},
						{"origin": [-33, 37, 5], "size": [2, 23, 9], "uv": [201, 234]},
						{"origin": [-23, 37, 5], "size": [2, 23, 9], "uv": [179, 233]},
						{"origin": [-32, 37, 14], "size": [10, 24, 2], "uv": [77, 251]}
					]
				},
				{
					"name": "leftArm2",
					"parent": "leftArm",
					"pivot": [-27.3473, 33.96962, 10],
					"rotation": [0, 0, 10],
					"cubes": [
						{"origin": [-31.68742, 15.91611, 5], "size": [2, 22, 9], "pivot": [-27.3473, 33.96962, 10], "rotation": [0, 0, -20], "uv": [18, 239]},
						{"origin": [-23.68742, 15.91611, 5], "size": [2, 22, 9], "pivot": [-27.3473, 33.96962, 10], "rotation": [0, 0, -20], "uv": [109, 238]},
						{"origin": [-30.68742, 15.91611, 13], "size": [8, 22, 2], "pivot": [-27.3473, 33.96962, 10], "rotation": [0, 0, -20], "uv": [0, 274]},
						{"origin": [-30.68742, 15.91611, 4], "size": [8, 22, 2], "pivot": [-27.3473, 33.96962, 10], "rotation": [0, 0, -20], "uv": [240, 271]},
						{"origin": [-25.02416, 31.0671, 8], "size": [3, 21, 4], "pivot": [27, 34, 10], "rotation": [0, 0, -20], "uv": [80, 277]}
					]
				},
				{
					"name": "leftHand",
					"parent": "leftArm",
					"pivot": [-21.54286, 13.7426, 8],
					"rotation": [0, 180, -30],
					"cubes": [
						{"origin": [-21.08306, 4.25335, 1], "size": [3, 9, 11], "pivot": [-21.54286, 13.7426, 8], "rotation": [0, 0, -20], "uv": [255, 127]},
						{"origin": [-21.08306, -2.74665, 1], "size": [2, 7, 3], "pivot": [-21.54286, 13.7426, 8], "rotation": [0, 0, -20], "uv": [41, 218]},
						{"origin": [-21.08306, -2.74665, 1], "size": [2, 7, 3], "pivot": [-21.54286, 13.7426, 8], "rotation": [0, 0, -20], "uv": [189, 217]},
						{"origin": [-13.07734, -7.32937, 1], "size": [2, 7, 3], "pivot": [-21.54286, 13.7426, 8], "rotation": [0, 0, 10], "uv": [130, 215]},
						{"origin": [-13.07734, -7.32937, 5], "size": [2, 7, 3], "pivot": [-21.54286, 13.7426, 8], "rotation": [0, 0, 10], "uv": [18, 213]},
						{"origin": [-13.07734, -7.32937, 9], "size": [2, 7, 3], "pivot": [-21.54286, 13.7426, 8], "rotation": [0, 0, 10], "uv": [211, 191]},
						{"origin": [-22.2455, -0.75551, 8.09392], "size": [2, 7, 3], "pivot": [-21.54286, 13.7426, 8], "rotation": [25, 15, -20], "uv": [204, 138]},
						{"origin": [-13.28508, -3.31874, 5.00779], "size": [2, 7, 3], "pivot": [-21.54286, 13.7426, 8], "rotation": [25, -30, 0], "uv": [69, 199]},
						{"origin": [-21.08306, -2.74665, 5], "size": [2, 7, 3], "pivot": [-21.54286, 13.7426, 8], "rotation": [0, 0, -20], "uv": [168, 192]},
						{"origin": [-21.08306, -2.74665, 9], "size": [2, 7, 3], "pivot": [-21.54286, 13.7426, 8], "rotation": [0, 0, -20], "uv": [37, 185]}
					]
				},
				{
					"name": "rightArm",
					"parent": "mangle",
					"pivot": [26, 61, 10],
					"rotation": [-45, 0, -10],
					"cubes": [
						{"origin": [21, 37, 4], "size": [8, 23, 2], "uv": [266, 66]},
						{"origin": [19, 37, 5], "size": [2, 23, 9], "uv": [157, 232]},
						{"origin": [29, 37, 5], "size": [2, 23, 9], "uv": [228, 26]},
						{"origin": [20, 37, 13], "size": [10, 24, 2], "uv": [250, 29]}
					]
				},
				{
					"name": "rightArm2",
					"parent": "rightArm",
					"pivot": [25, 36, 10],
					"rotation": [0, 0, 30],
					"cubes": [
						{"origin": [22.97584, 14.0671, 6], "size": [3, 21, 4], "pivot": [25, 36, 10], "rotation": [0, 0, -20], "uv": [121, 276]},
						{"origin": [19.97584, 16.0671, 5], "size": [2, 20, 9], "pivot": [25, 36, 10], "rotation": [0, 0, -20], "uv": [244, 62]},
						{"origin": [27.97584, 16.0671, 5], "size": [2, 21, 9], "pivot": [25, 36, 10], "rotation": [0, 0, -20], "uv": [241, 241]},
						{"origin": [20.97584, 16.0671, 13], "size": [8, 21, 2], "pivot": [25, 36, 10], "rotation": [0, 0, -20], "uv": [274, 27]},
						{"origin": [20.97584, 16.0671, 4], "size": [8, 21, 2], "pivot": [25, 36, 10], "rotation": [0, 0, -20], "uv": [20, 274]}
					]
				},
				{
					"name": "rightHand",
					"parent": "rightArm2",
					"pivot": [30, 15, 10],
					"cubes": [
						{"origin": [30.4598, 5.51075, 3], "size": [3, 9, 11], "pivot": [30, 15, 10], "rotation": [0, 0, -20], "uv": [212, 255]},
						{"origin": [30.4598, -1.48925, 3], "size": [2, 7, 3], "pivot": [30, 15, 10], "rotation": [0, 0, -20], "uv": [168, 182]},
						{"origin": [30.4598, -1.48925, 3], "size": [2, 7, 3], "pivot": [30, 15, 10], "rotation": [0, 0, -20], "uv": [177, 114]},
						{"origin": [38.46552, -6.07197, 3], "size": [2, 7, 3], "pivot": [30, 15, 10], "rotation": [0, 0, 10], "uv": [174, 138]},
						{"origin": [38.46552, -6.07197, 7], "size": [2, 7, 3], "pivot": [30, 15, 10], "rotation": [0, 0, 10], "uv": [138, 167]},
						{"origin": [38.46552, -6.07197, 11], "size": [2, 7, 3], "pivot": [30, 15, 10], "rotation": [0, 0, 10], "uv": [164, 164]},
						{"origin": [31.53887, -0.30839, 7.69324], "size": [2, 7, 3], "pivot": [30, 15, 10], "rotation": [-40, 15, -20], "uv": [139, 114]},
						{"origin": [37.2389, -3.59501, 8.52154], "size": [2, 7, 3], "pivot": [30, 15, 10], "rotation": [-35, 30, 5], "uv": [135, 39]},
						{"origin": [30.4598, -1.48925, 7], "size": [2, 7, 3], "pivot": [30, 15, 10], "rotation": [0, 0, -20], "uv": [132, 14]},
						{"origin": [30.4598, -1.48925, 11], "size": [2, 7, 3], "pivot": [30, 15, 10], "rotation": [0, 0, -20], "uv": [112, 14]}
					]
				},
				{
					"name": "rightLeg",
					"parent": "mangle",
					"pivot": [12, 8, 8],
					"rotation": [-90, 0, 0],
					"cubes": [
						{"origin": [4, -39, 2], "size": [2, 46, 12], "uv": [84, 84]},
						{"origin": [18, -39, 2], "size": [2, 47, 12], "uv": [56, 84]},
						{"origin": [6, -39, 0], "size": [12, 46, 2], "uv": [147, 0]},
						{"origin": [6, -37.56893, 13.78731], "size": [12, 45, 2], "uv": [110, 148]},
						{"origin": [10, -40, 7], "size": [3, 53, 3], "uv": [68, 143]}
					]
				},
				{
					"name": "rightLeg2",
					"parent": "rightLeg",
					"pivot": [-1, -43, 10],
					"rotation": [25, 0, 0],
					"cubes": [
						{"origin": [10, -77, 7], "size": [3, 37, 3], "uv": [131, 240]},
						{"origin": [5, -73, 5], "size": [14, 35, 1], "uv": [183, 0]},
						{"origin": [5, -73.32937, 13.69333], "size": [14, 33, 1], "uv": [80, 192]},
						{"origin": [18, -73.07055, 5.72741], "size": [1, 34, 8], "uv": [0, 213]},
						{"origin": [5, -73.07055, 5.72741], "size": [1, 34, 8], "uv": [61, 210]}
					]
				},
				{
					"name": "rightFoot",
					"parent": "rightLeg2",
					"pivot": [11, -77, 10],
					"rotation": [-15, 0, 0],
					"cubes": [
						{"origin": [2, -83.82963, -16.7059], "size": [5, 4, 11], "uv": [52, 266]},
						{"origin": [9, -83.82963, -16.7059], "size": [5, 4, 11], "uv": [263, 245]},
						{"origin": [16, -83.82963, -16.7059], "size": [5, 4, 11], "uv": [263, 202]},
						{"origin": [2, -83.82963, -5.7059], "size": [19, 4, 21], "uv": [0, 31]},
						{"origin": [4, -80.82963, -3.7059], "size": [16, 6, 19], "uv": [61, 14]}
					]
				},
				{
					"name": "leftLeg",
					"parent": "mangle",
					"pivot": [-13, 8, 9],
					"rotation": [-90, 0, 0],
					"cubes": [
						{"origin": [-21, -40, 2], "size": [2, 49, 12], "uv": [0, 75]},
						{"origin": [-19, -40, 0], "size": [13, 48, 2], "uv": [26, 135]},
						{"origin": [-19, -39, 14], "size": [12, 48, 2], "uv": [82, 142]},
						{"origin": [-7, -40, 2], "size": [2, 48, 12], "uv": [28, 75]},
						{"origin": [-15, -41, 7], "size": [3, 54, 3], "uv": [56, 143]}
					]
				},
				{
					"name": "leftLeg2",
					"parent": "leftLeg",
					"pivot": [-26, -43, 10],
					"rotation": [25, 0, 0],
					"cubes": [
						{"origin": [-15, -77, 7], "size": [3, 37, 3], "uv": [40, 239]},
						{"origin": [-20, -74, 5], "size": [14, 35, 1], "uv": [138, 182]},
						{"origin": [-20, -74.32937, 13.69333], "size": [14, 35, 1], "uv": [181, 181]},
						{"origin": [-20, -74.07055, 5.72741], "size": [2, 35, 8], "uv": [208, 28]},
						{"origin": [-8, -74.07055, 5.72741], "size": [2, 35, 8], "uv": [110, 195]}
					]
				},
				{
					"name": "leftFoot",
					"parent": "leftLeg2",
					"pivot": [-15, -72, 5],
					"rotation": [-15, 0, 0],
					"cubes": [
						{"origin": [-21, -80, -4], "size": [15, 6, 20], "uv": [58, 58]},
						{"origin": [-23, -83, -5], "size": [19, 4, 21], "uv": [0, 6]},
						{"origin": [-23, -83, -16], "size": [5, 4, 11], "uv": [265, 51]},
						{"origin": [-16, -83, -16], "size": [5, 4, 11], "uv": [175, 265]},
						{"origin": [-9, -83, -16], "size": [5, 4, 11], "uv": [143, 264]}
					]
				}
			]
		}
	]
}