[
  {
    "flipbook_texture": "textures/blocks/diamond_ore",
    "atlas_tile": "diamond_ore",
    "frames": [ 0, 1, 2, 1, 0 ]
  },
  {
    "flipbook_texture": "textures/blocks/stonecutter_side",
    "atlas_tile": "stonecutter_side",
    "frames": [ 0, 1, 2, 1, 0, 0, 0, 0, 0, 0, 0, 1, 2, 1, 0, 0, 0, 0, 1, 3, 0, 0, 0 ,0 ]
  },
  {
    "flipbook_texture": "textures/blocks/iron_ore",
    "atlas_tile": "iron_ore",
    "frames": [ 0,0,1,1,0,0,1,1,0,0,1,1,0,0,1,1,2,0,0,1,1,0,0,1,1,0,0,1,1,0,0,2,2,1,1,0,0,1,1,0,0,1,1,0,0,1,1,0,0,1,1,0,0,1,1,3,3,0,0,1,1,0,0,1,1,0,0,1,1,0,0,1,1,2,2,0,0,1,1,0,0,1,1,0,0,1,1,0,0,1,1,0,0,1,1,0,1,0,1,0,1,0,1,0,1,0,1,0,1,0,1,0,1,2,2,2,0,1,0]
  }
]