{
  "format_version": "1.8.0",
  "minecraft:client_entity": {
    "description": {
      "identifier": "tap:bonnie2_stand",
      "materials": {
        "default": "skeleton"
      },
      "textures": {
        "default": "textures/entity/bonnie2_stand"
      },
      "geometry": {
        "default": "geometry.bonnie2_stand"
      },
      "spawn_egg": {
        "base_color": "#e6ec15",
        "overlay_color": "#010101"
      },
  "animations": {
        "walk": "animation.humanoid.walk"
      },
      "animation_controllers": [
        { "move": "controller.animation.humanoid.move" }
      ],
      "render_controllers": [ "controller.render.tap" ],
      "enable_attachables": true
    }
  }
}
