{
  "format_version": "1.10.0",
  "minecraft:client_entity": {
    "description": {
      "identifier": "tap:freddy_stand",
      "materials": {
        "default": "spider"
      },
      "textures": {
        "default": "textures/entity/freddy_stand"
      },
      "geometry": {
        "default": "geometry.freddy_stand"
      },
      "animations": {
        "moving": "animation.freddy.walk",
        "p_chica_general": "animation.freddy.base",
        "attacking": "animation.freddy.attack",
        "look_at_target": "animation.common.look_at_target",

        "move": "controller.animation.freddy.move",
        "general": "controller.animation.freddy.general",
        "ataque": "controller.animation.freddy.ataque"
      },
      "scripts": {
        "animate": [
          "move", "general", "ataque"
        ],
        "pre_animation": [
          "variable.attack = Math.sin(variable.attack_time * 10.0);"
        ]
      },
      "render_controllers": [ "controller.render.tap" ],
      "spawn_egg": {
        "base_color": "#fcfcfc",
        "overlay_color": "#bfbfbf"
      }
    }
  }
}