{
  "format_version": "1.10.0",
  "minecraft:client_entity": {
    "description": {
      "identifier": "tap:house_chair",
      "materials": {
        "default": "skeleton"
      },
      "textures": {
        "default": "textures/entity/house_chair"
      },
      "geometry": {
        "default": "geometry.house_chair"
      },
      "animations": {
        "moving": "animation.p_chica.move",
        "general": "animation.p_chica.general",
        "attacking": "animation.p_chica.attacking",
        "look_at_target": "animation.common.look_at_target",

        "move": "controller.animation.p_chica.move",
        "general": "controller.animation.p_chica.general",
        "attack": "controller.animation.p_chica.attack"
      },
      "scripts": {
        "animate": [
          "move", "general", "attack"
        ],
        "pre_animation": [
          "variable.attack = Math.sin(variable.attack_time * 38.17);"
        ]
      },
      "render_controllers": [ "controller.render.tap" ],
      "spawn_egg": {
		"base_color": "#fcfcfc",
		"overlay_color": "#ab22ab"
      }
    }
  }
}
