{
	"format_version": "1.8.0",
	"animations": {
		"animation.mangle.general": {
			"loop": true
		},
		"animation.mangle.walk": {
			"loop": true,
			"animation_length": 1.6,
			"bones": {
				"rightArm": {
					"rotation": {
						"0.0": [0, 0, 0],
						"0.4": [-40, 0, 0],
						"0.8": [0, 0, 0],
						"1.2": [40, 0, 0],
						"1.6": [0, 0, 0]
					}
				},
				"leftArm": {
					"rotation": {
						"0.0": [0, 0, 0],
						"0.4": [40, 0, 0],
						"0.8": [0, 0, 0],
						"1.2": [-35, 0, 0],
						"1.6": [0, 0, 0]
					}
				},
				"rightLeg": {
					"rotation": {
						"0.0": [0, 0, 0],
						"0.4": [-40, 0, 0],
						"0.8": [0, 0, 0],
						"1.2": [40, 0, 0],
						"1.6": [0, 0, 0]
					}
				},
				"leftLeg": {
					"rotation": {
						"0.0": [0, 0, 0],
						"0.4": [45, 0, 0],
						"0.8": [0, 0, 0],
						"1.2": [-35, 0, 0],
						"1.6": [0, 0, 0]
					}
				}
			}
		},
		"animation.mangle.attacking": {
			"animation_length": 1.04,
			"bones": {
				"rightArm": {
					"rotation": {
						"0.0": [0, 0, 0],
						"0.5667": [0, 0, 10],
						"0.8833": [0, 0, 0]
					}
				},
				"Arm": {
					"rotation": {
						"0.0": [0, 0, 0],
						"0.5667": [0, 0, -15],
						"0.8833": [0, 0, 0]
					}
				},
				"jaw": {
					"rotation": {
						"0.0": [0, 0, 0],
						"0.1667": [10, 0, 0],
						"0.2833": [0, 0, 0],
						"0.4": [10, 0, 0],
						"0.5167": [0, 0, 0],
						"0.6333": [10, 0, 0],
						"0.7667": [0, 0, 0]
					},
					"position": {
						"0.0": [0, 0, 0],
						"0.1667": [0, 0, 4],
						"0.2833": [0, 0, 0],
						"0.4": [0, 0, 4],
						"0.5167": [0, 0, 0],
						"0.6333": [0, 0, 4],
						"0.7667": [0, 0, 0]
					}
				}
			}
		}
	}
}