{
	"format_version": "1.8.0",
	"minecraft:entity": {
		"description": {
			"identifier": "tap:bonnie",
			"is_spawnable": true,
			"is_summonable": true,
			"is_experimental": false
		},

		"components": {
			"minecraft:navigation.walk":{
				"avoid_water":true,
				"can_float":true,
				"can_open_doors":true,
				"can_pass_doors":true,
				"can_path_over_water":true
			},
			"minecraft:nameable": {},
			"minecraft:breathable": {
				"totalSupply": 15,
				"suffocateTime": 0,
				"breathesWater": true
			},
			"minecraft:health": {
				"value": 10000,
				"max": 10000
			},
			"minecraft:collision_box": {
				"width": 3.0,
				"height": 16
			},
    "minecraft:knockback_resistance": {
        "value": 10.0
        },
			"minecraft:attack": {
				"damage": 5
			},
			"minecraft:loot": {
				"table": "loot_tables/entities/empty.json"
			},
			"minecraft:movement": {
				"value": 0.125
			},
			"minecraft:movement.basic": {},
			"minecraft:jump.static": {},
			"minecraft:can_climb": {},
			"minecraft:scale": {
				"value": 0.20
			},
			"minecraft:fire_immune": false,
			"minecraft:behavior.hurt_by_target": {
				"priority": 1
			},
			"minecraft:behavior.nearest_attackable_target": {
				"priority": 3,
				"reselect_targets": true,
				"entity_types": [{
						"filters": {
							"test": "is_family",
							"subject": "other",
							"value": "zombie"
						},
						"max_dist": 30
					},
					{
						"filters": {
							"test": "is_family",
							"subject": "other",
							"value": "player"
						},

						"max_dist": 50
					},
					{
						"filters": {
							"test": "is_family",
							"subject": "other",
							"value": "evocation_illager"
						},

						"max_dist": 30
					},
					{
						"filters": {
							"test": "is_family",
							"subject": "other",
							"value": "vindicator"
						},

						"max_dist": 30
					},
					{
						"filters": {
							"test": "is_family",
							"subject": "other",
							"value": "witch"
						},

						"max_dist": 30
					},
					{
						"filters": {
							"test": "is_family",
							"subject": "other",
							"value": "villager"
						},

						"max_dist": 30
					},
					{
						"filters": {
							"test": "is_family",
							"subject": "other",
							"value": "pillager"
						},

						"max_dist": 30
					},
					{
						"filters": {
							"test": "is_family",
							"subject": "other",
							"value": "wandering_trader"
						},

						"max_dist": 30
					}
				],
				"must_see": false
			},
			"minecraft:behavior.melee_attack": {
				"priority":4,
				"target_dist": 1.2,
				"speed_multiplier": 2,
				"track_target": true
			},
			"minecraft:behavior.random_stroll": {
				"priority": 5,
				"speed_multiplier": 1.2
			},
			"minecraft:behavior.look_at_player": {
				"priority": 30,
				"look_distance": 30
			},
			"minecraft:behavior.random_look_around": {
				"priority": 6
			  },
			"minecraft:type_family": {
				"family": ["tap","bonnie"]
			},
			"minecraft:physics": {}
		},

		"events": {
			"minecraft:entity_spawned": {

			}
		}
	}
}