{
  "format_version": "1.8.0",
  "minecraft:entity": {
    "description": {
      "identifier": "tap:boss",
      "is_spawnable": true,
      "is_summonable": true,
      "is_experimental": false
    },
    "components": {
      "minecraft:breathable": {
        "totalSupply": 15,
        "suffocateTime": 0
      },
        "minecraft:loot": {
          "table": "loot_tables/entities/fnam.json"
      },
    "minecraft:knockback_resistance": {
        "value": 1.0
        },
      "minecraft:nameable": {
      },
            "minecraft:scale": {
          "value": 1.0
      },
      "minecraft:hurt_when_wet": {
        "value": true
      },
      "minecraft:type_family": {
        "family": [ "tap" ]
      },
      "minecraft:collision_box": {
        "width": 0.6,
        "height": 0.0
      },

      "minecraft:movement": {
        "value": 0.0
      },
      "minecraft:navigation.walk": {
        "can_path_over_water": true
      },
      "minecraft:movement.basic": {
        
      },
      "minecraft:jump.static": {
      },
      "minecraft:can_climb": {
      },
		  "minecraft:health": {
        "value": 90000,
        "max": 90000
      },
      "minecraft:attack": {
        "damage": 0
      },

      "minecraft:behavior.float": {
        "priority": 0
      },

      "minecraft:behavior.melee_attack": {
        "priority": 3,
        "speed_multiplier": 1,
        "track_target": true
      },

      "minecraft:behavior.nearest_attackable_target": {
        "priority": 5,
        "within_radius": 17,
        "entity_types": [
          {
            "filters": {
              "any_of": [
            
     {
                  "test": "is_family",
                  "subject": "other",
                  "value": "boat"
                },
                {
                  "test": "is_family",
                  "subject": "other",
                  "value": "boat"
                }
              ]
            },
            "max_dist": 0
          }
        ],
        "must_see": true
      },
      "minecraft:behavior.random_stroll": {
        "priority": 6,
        "speed_multiplier": 1
      },
	    "minecraft:physics": {
      }
    }
  }
}

